-- phpMyAdmin SQL Dump
-- version 4.4.15.1
-- http://www.phpmyadmin.net
--
-- Host: mysql669.umbler.com
-- Generation Time: 14-Nov-2019 às 00:16
-- Versão do servidor: 5.6.40
-- PHP Version: 5.4.8

SET SQL_MODE = "NO_AUTO_VALUE_ON_ZERO";
SET time_zone = "+00:00";


/*!40101 SET @OLD_CHARACTER_SET_CLIENT=@@CHARACTER_SET_CLIENT */;
/*!40101 SET @OLD_CHARACTER_SET_RESULTS=@@CHARACTER_SET_RESULTS */;
/*!40101 SET @OLD_COLLATION_CONNECTION=@@COLLATION_CONNECTION */;
/*!40101 SET NAMES utf8mb4 */;

--
-- Database: `hevvypumps`
--

-- --------------------------------------------------------

--
-- Estrutura da tabela `events`
--

CREATE TABLE IF NOT EXISTS `events` (
  `id` int(10) unsigned NOT NULL,
  `name` varchar(255) COLLATE utf8_unicode_ci NOT NULL,
  `status` int(11) NOT NULL,
  `user_created` int(11) NOT NULL,
  `user_deleted` int(11) NOT NULL,
  `deleted_at` timestamp NOT NULL DEFAULT '0000-00-00 00:00:00',
  `remember_token` varchar(100) COLLATE utf8_unicode_ci DEFAULT NULL,
  `created_at` timestamp NOT NULL DEFAULT '0000-00-00 00:00:00',
  `updated_at` timestamp NOT NULL DEFAULT '0000-00-00 00:00:00',
  `date` timestamp NULL DEFAULT NULL,
  `place` varchar(500) COLLATE utf8_unicode_ci DEFAULT NULL
) ENGINE=InnoDB AUTO_INCREMENT=51 DEFAULT CHARSET=utf8 COLLATE=utf8_unicode_ci;

--
-- Extraindo dados da tabela `events`
--

INSERT INTO `events` (`id`, `name`, `status`, `user_created`, `user_deleted`, `deleted_at`, `remember_token`, `created_at`, `updated_at`, `date`, `place`) VALUES
(1, 'A Very Hevvy Christmas Party 2018', 0, 1, 0, '0000-00-00 00:00:00', NULL, '0000-00-00 00:00:00', '2018-11-15 17:42:45', '2018-11-29 18:00:00', 'The Vancouver Club - 915 W Hastings St, Vancouver, BC V6C 1C6'),
(11, '', 0, 0, 0, '0000-00-00 00:00:00', NULL, '2018-11-10 22:42:11', '2018-11-10 22:42:11', NULL, NULL),
(21, 'Teste', 2, 0, 0, '2018-11-10 22:43:56', NULL, '2018-11-10 22:42:53', '2018-11-10 22:43:56', '2018-09-25 12:00:00', 'Rua tal'),
(31, 'Evento teste', 2, 0, 0, '2018-11-10 22:48:37', NULL, '2018-11-10 22:43:41', '2018-11-10 22:48:37', '2018-10-17 12:00:00', 'rua teste'),
(41, 'A Very Hevvy Christmas Party 2019', 1, 0, 0, '0000-00-00 00:00:00', NULL, '2019-11-09 22:57:54', '2019-11-12 18:23:50', '2019-11-22 18:00:00', 'Five Sails Restaurant - 999 Canada Pl, Vancouver, BC V6C 3E1');

-- --------------------------------------------------------

--
-- Estrutura da tabela `guests`
--

CREATE TABLE IF NOT EXISTS `guests` (
  `id` int(10) unsigned NOT NULL,
  `name` varchar(255) COLLATE utf8_unicode_ci NOT NULL,
  `email` varchar(255) COLLATE utf8_unicode_ci NOT NULL,
  `user_created` int(11) NOT NULL,
  `user_deleted` int(11) NOT NULL,
  `deleted_at` timestamp NOT NULL DEFAULT '0000-00-00 00:00:00',
  `remember_token` varchar(100) COLLATE utf8_unicode_ci DEFAULT NULL,
  `created_at` timestamp NOT NULL DEFAULT '0000-00-00 00:00:00',
  `updated_at` timestamp NOT NULL DEFAULT '0000-00-00 00:00:00',
  `status` int(11) NOT NULL,
  `event_id` int(11) NOT NULL,
  `token` varchar(500) COLLATE utf8_unicode_ci NOT NULL,
  `companion` int(11) NOT NULL,
  `allergies` varchar(255) COLLATE utf8_unicode_ci DEFAULT NULL,
  `guest_food` int(11) DEFAULT '0',
  `companion_food` int(11) DEFAULT '0',
  `companion_name` varchar(255) COLLATE utf8_unicode_ci DEFAULT NULL
) ENGINE=InnoDB AUTO_INCREMENT=816 DEFAULT CHARSET=utf8 COLLATE=utf8_unicode_ci;

--
-- Extraindo dados da tabela `guests`
--

INSERT INTO `guests` (`id`, `name`, `email`, `user_created`, `user_deleted`, `deleted_at`, `remember_token`, `created_at`, `updated_at`, `status`, `event_id`, `token`, `companion`, `allergies`, `guest_food`, `companion_food`, `companion_name`) VALUES
(1, 'teste', 'teste@teste.com', 1, 0, '2018-11-12 09:26:26', NULL, '2018-11-10 13:08:21', '2018-11-12 09:26:26', 2, 1, '', 0, NULL, 0, 0, NULL),
(11, 'TESTES2', 'teste@teste.com', 1, 0, '2018-11-12 09:21:05', NULL, '2018-11-10 13:08:40', '2018-11-12 09:21:05', 2, 1, '', 0, NULL, 0, 0, NULL),
(21, 'Testes', 'teste@teste.com', 1, 0, '2018-11-10 15:42:36', NULL, '2018-11-10 14:19:16', '2018-11-10 15:42:36', 2, 1, '', 0, NULL, 0, 0, NULL),
(31, 'stanley', 'stanleygomesdasilva@gmail.com', 1, 0, '2018-11-12 09:21:04', NULL, '2018-11-10 16:17:22', '2018-11-12 09:21:04', 2, 1, '', 0, NULL, 0, 0, NULL),
(41, 'stanley', 'stanleygomesdasilva@gmail.com', 1, 0, '2018-11-11 23:56:11', NULL, '2018-11-10 22:57:50', '2018-11-11 23:56:11', 2, 1, '$2y$10$J3X2kC6grOipyfF3/tpNkuVF4yjEcO7bOUoTK8.3JK.SmDR7xgPUS', 0, NULL, 0, 0, NULL),
(51, 'stanley', 'stanleygomesdasilva@gmail.com', 1, 0, '2018-11-11 23:56:19', NULL, '2018-11-10 22:59:48', '2018-11-11 23:56:19', 2, 1, '$2y$10$vw8RotXsgYPYG.KUXcC5kOaHWGFyyGj35qc0ZCfwbiYA5UISjyCoW', 0, NULL, 0, 0, NULL),
(61, 'stanley', 'stanleygomesdasilva@gmail.com', 1, 0, '2018-11-11 23:56:28', NULL, '2018-11-10 23:01:17', '2018-11-11 23:56:28', 2, 1, '$2y$10$3UwB8x7Du.3unMtFNgwro.JF.y4x4OrGgS5cf34Xmc8J4C2gLWSM6', 0, NULL, 0, 0, NULL),
(71, 'stanley', 'stanleygomesdasilva@gmail.com', 1, 0, '2018-11-11 23:56:36', NULL, '2018-11-10 23:02:09', '2018-11-11 23:56:36', 2, 1, '$2y$10$wq.8Y0DPDLdd3yVD9KXbkOAyCxEvYup07KqCoJape65Sm9EzybH2e', 0, NULL, 0, 0, NULL),
(81, 'stanley', 'stanleygomesdasilva@gmail.com', 1, 0, '2018-11-11 23:56:45', NULL, '2018-11-10 23:03:44', '2018-11-11 23:56:45', 2, 1, 'c07a03a73fc21c29ef0885b8b65b6625', 0, NULL, 0, 0, NULL),
(91, 'stanley', 'stanleygomesdasilva@gmail.com', 1, 0, '2018-11-11 23:56:53', NULL, '2018-11-10 23:04:36', '2018-11-11 23:56:53', 2, 1, '29b1adfcec9070eec22b608fdd508c35', 0, NULL, 0, 0, NULL),
(101, 'stanley', 'stanleygomesdasilva@gmail.com', 1, 0, '2018-11-12 01:17:12', NULL, '2018-11-10 23:08:42', '2018-11-12 01:17:12', 2, 1, 'c7ca270677318cc747bfbf5e3e9cfda4', 0, NULL, 0, 0, NULL),
(111, 'stanley', 'stanleygomesdasilva@gmail.com', 1, 0, '2018-11-12 01:17:03', NULL, '2018-11-11 16:21:23', '2018-11-12 01:17:03', 2, 1, 'bb9e0be85f9da119d5dae4380741e4ac', 0, NULL, 0, 0, NULL),
(121, 'stanley', 'stanleygomesdasilva@gmail.com', 1, 0, '2018-11-12 01:16:55', NULL, '2018-11-11 16:26:26', '2018-11-12 01:16:55', 2, 1, 'a1b51e0c69ebb858dafb55a4a944b8ca', 0, NULL, 0, 0, NULL),
(131, 'stanley', 'stanleygomesdasilva@gmail.com', 1, 0, '2018-11-12 01:16:47', NULL, '2018-11-11 16:27:15', '2018-11-12 01:16:47', 2, 1, '959bf93837b417679b68dc2f29af058e', 0, NULL, 0, 0, NULL),
(141, 'Testes', 'stanleygomesdasilva@gmail.com', 1, 0, '2018-11-12 09:21:04', NULL, '2018-11-11 16:44:06', '2018-11-12 09:21:04', 2, 1, '1edea8d6a554ede827b1322e517a694a', 0, NULL, 0, 0, NULL),
(151, 'stanley', 'stanleygomesdasilva@gmail.com', 1, 0, '2018-11-12 01:16:38', NULL, '2018-11-11 18:09:22', '2018-11-12 01:16:38', 2, 1, 'f2fcacbdb5fc937294079a178237480e', 0, NULL, 0, 0, NULL),
(161, 'Stanley', 'stanleygomesdasilva@gmail.com', 1, 0, '2018-11-12 01:16:30', NULL, '2018-11-11 18:09:37', '2018-11-12 01:16:30', 2, 1, 'b1588d90e9a40a51a8535df40e1197b4', 0, NULL, 0, 0, NULL),
(171, 'stanley', 'stanleygomesdasilva@gmail.com', 1, 0, '2018-11-12 09:21:03', NULL, '2018-11-12 00:44:33', '2018-11-12 09:21:03', 2, 1, '090fdaff747c9b1f61ed8ec7fbc2e3ad', 0, NULL, 0, 0, NULL),
(181, 'stanley', 'stanleygomesdasilva@gmail.com', 1, 0, '2018-11-12 18:48:03', NULL, '2018-11-12 09:20:50', '2018-11-12 18:48:03', 2, 1, 'a4a984290106c846782b7d407c216952', 0, NULL, 0, 0, NULL),
(191, 'Pablo Alves', 'pabloalves@softbox.com.br', 1, 0, '2018-11-12 18:48:00', NULL, '2018-11-12 10:49:38', '2018-11-12 18:48:00', 2, 1, 'dc348f4f8ee0477a48101da1147f9f1e', 0, NULL, 0, 0, NULL),
(201, 'Thiago Cantuario', 'thiagocantuario@softbox.com.br', 1, 0, '2018-11-12 18:48:02', NULL, '2018-11-12 10:49:48', '2018-11-12 18:48:02', 2, 1, '0305c9f4e5e930515496f6951ddd298b', 0, NULL, 0, 0, NULL),
(211, 'Stanley Gomes', 'stanleygomes@softbox.com.br', 1, 0, '2018-11-12 18:48:01', NULL, '2018-11-12 10:51:25', '2018-11-12 18:48:01', 2, 1, 'ee2ea56dd00dc6ddeb02b3a1a64606f2', 0, NULL, 0, 0, NULL),
(221, 'Delfino', 'leonardodelfino@gmail.com', 1, 0, '2018-11-12 18:48:00', NULL, '2018-11-12 11:50:25', '2018-11-12 18:48:00', 2, 1, 'da5d47e6fffb489e499d4e239778325a', 0, NULL, 0, 0, NULL),
(231, 'stanley', 'stanleygomesdasilva@gmail.com', 1, 0, '2018-11-12 18:58:18', NULL, '2018-11-12 18:56:06', '2018-11-12 18:58:18', 2, 1, 'b721912b22b980c77e9ab1278781b75e', 0, NULL, 0, 0, NULL),
(241, 'Justin', 'stanley@ufu.br', 1, 0, '2018-11-12 20:23:31', NULL, '2018-11-12 20:22:54', '2018-11-12 20:23:31', 2, 1, '79b49b392428e5b490f7e016673216fe', 0, NULL, 0, 0, NULL),
(251, 'Justin Van-de-Velde', 'jvandevelde@hevvypumps.com', 1, 0, '0000-00-00 00:00:00', NULL, '2018-11-12 20:24:05', '2018-11-12 20:24:05', 1, 1, '000d2ffb0a86f0bd3f6e450e1753ac36', 0, NULL, 0, 0, NULL),
(261, 'Oswaldo Buitron', 'OBuitron@hevvypumps.com', 1, 0, '0000-00-00 00:00:00', NULL, '2018-11-12 20:24:30', '2018-11-12 20:24:30', 1, 1, '339e3797c9d0e664dc132bb27af7b406', 0, NULL, 0, 0, NULL),
(271, 'stanley', 'stanleygomesdasilva@outlook.com', 1, 0, '2018-11-12 23:26:08', NULL, '2018-11-12 23:06:03', '2018-11-12 23:26:08', 2, 1, 'fbb77758542d1f6483f4b29c321a22a6', 0, NULL, 0, 0, NULL),
(281, 'stanley', 'stanleygomesdasilva@gmail.com', 1, 0, '2018-11-13 01:48:55', NULL, '2018-11-12 23:07:35', '2018-11-13 01:48:55', 2, 1, 'a3344cc4665361622516f9b314a8f676', 0, NULL, 0, 0, NULL),
(291, 'Stanley Gomes', 'stanleygomesdasilva@gmail.com', 1, 0, '0000-00-00 00:00:00', NULL, '2018-11-13 01:49:51', '2018-11-13 01:49:51', 1, 1, 'a290a4affbc10d47b3ce1575aca4879e', 0, NULL, 0, 0, NULL),
(301, 'stanley', 'stanleygomes@softbox.com.br', 1, 0, '0000-00-00 00:00:00', NULL, '2018-11-13 11:15:08', '2018-11-13 11:15:08', 1, 1, 'e0403b4c2b985b9d88684f1924ac250f', 0, NULL, 0, 0, NULL),
(311, 'stanley', 'stanleygomesdasilva@gmail.com', 1, 0, '0000-00-00 00:00:00', NULL, '2018-11-14 21:17:01', '2018-11-14 21:17:01', 1, 1, 'b4b4affe1339f2e2aa447f94032008f1', 0, NULL, 0, 0, NULL),
(321, 'stanley', 'stanleygomesdasilva@gmail.com', 1, 0, '0000-00-00 00:00:00', NULL, '2018-11-14 21:18:36', '2018-11-14 21:18:36', 1, 1, 'e02dcfdff9293751b4a2f5dd27d5a62c', 0, NULL, 0, 0, NULL),
(331, 'stanley', 'stanleygomesdasilva@gmail.com', 1, 0, '0000-00-00 00:00:00', NULL, '2018-11-14 21:27:10', '2018-11-14 21:27:10', 1, 1, '27eb64796fc0036543a1f23b52fc7ca8', 0, NULL, 0, 0, NULL),
(341, 'stanley', 'stanleygomesdasilva@gmail.com', 1, 0, '0000-00-00 00:00:00', NULL, '2018-11-15 17:33:23', '2018-11-15 17:33:23', 1, 1, '7ed0b94994cf77e7745a25f3585265a0', 0, NULL, 0, 0, NULL),
(351, 'stanley', 'stanleygomesdasilva@gmail.com', 1, 0, '0000-00-00 00:00:00', NULL, '2018-11-15 17:42:00', '2018-11-15 17:42:00', 1, 1, 'df9ce23fc609bdde82a8485f1b7cc202', 0, NULL, 0, 0, NULL),
(361, 'stanley', 'stanleygomesdasilva@gmail.com', 1, 0, '0000-00-00 00:00:00', NULL, '2018-11-15 23:46:36', '2018-11-15 23:46:36', 1, 1, '9d5087daeeb3c9def3657a6cb4f0686c', 0, NULL, 0, 0, NULL),
(371, 'stanley', 'stanleygomesdasilva@gmail.com', 1, 0, '0000-00-00 00:00:00', NULL, '2018-11-15 23:47:48', '2018-11-15 23:47:48', 1, 1, '1b82ca40f2c1a42b97825ee8108ba9c8', 0, NULL, 0, 0, NULL),
(381, 'stanley', 'stanleygomesdasilva@gmail.com', 1, 0, '0000-00-00 00:00:00', NULL, '2018-11-16 20:53:32', '2018-11-16 20:53:32', 1, 1, '953ec314f482f5d304ff7d12b7aa723d', 0, NULL, 0, 0, NULL),
(391, 'stanley', 'stanleygomesdasilva@gmail.com', 1, 0, '0000-00-00 00:00:00', NULL, '2018-11-16 21:28:16', '2018-11-16 21:29:54', 1, 1, 'c37f4c0dfe9a3c53c2040e60518e725c', 1, NULL, 0, 0, NULL),
(401, 'Marco Tulio', 'marcotuliomelo@softbox.com.br ', 1, 0, '0000-00-00 00:00:00', NULL, '2019-11-08 14:34:47', '2019-11-08 14:34:47', 1, 1, '7693b75d435845d7dfc4ae92071c1e34', 0, NULL, 0, 0, NULL),
(411, 'Wendreo Santos', 'wendreosantos@softbox.com.br ', 1, 0, '0000-00-00 00:00:00', NULL, '2019-11-08 14:35:02', '2019-11-08 14:35:02', 1, 1, '465ea4fc5c7b0cae52b9a8cdcbaa96e7', 0, NULL, 0, 0, NULL),
(421, 'Pablo', 'Baralu@Baralu.com', 1, 0, '2019-11-10 22:31:50', NULL, '2019-11-08 14:38:23', '2019-11-10 22:31:50', 2, 41, '51e67b6fe9af710c8897f639c5a118a1', 1, 'asd', 2, 2, 'teste'),
(431, 'stanley', 'stanleygomesdasilva@gmail.com', 1, 0, '0000-00-00 00:00:00', NULL, '2019-11-10 17:38:59', '2019-11-10 17:38:59', 1, 1, 'f6289a3d4998a7bb08b164708eea4935', 0, NULL, 0, 0, NULL),
(441, 'stanley', 'stanleygomesdasilva@gmail.com', 1, 0, '0000-00-00 00:00:00', NULL, '2019-11-10 17:41:29', '2019-11-10 17:41:29', 1, 1, '649a8e7505869322520b146c594741e3', 0, NULL, 0, 0, NULL),
(451, 'stanley gomes', 'stanleygomesdasilva@gmail.com', 1, 0, '2019-11-10 22:31:51', NULL, '2019-11-10 17:56:28', '2019-11-10 22:31:51', 2, 41, '0e131e3da6c45e46a4645ddfb3971017', 0, NULL, 0, 0, NULL),
(461, 'stanley gomes', 'stanleygomesdasilva@gmail.com', 1, 0, '2019-11-10 22:31:52', NULL, '2019-11-10 17:58:00', '2019-11-10 22:31:52', 2, 41, 'e765cf12830e5cfbee2905ce72a10769', 1, 'Teste', 1, 1, 'Fulano'),
(471, 'stanley gomes', 'stanleygomesdasilva@gmail.com', 1, 0, '2019-11-10 22:31:53', NULL, '2019-11-10 19:53:58', '2019-11-10 22:31:53', 2, 41, '6270ba9d1761c02339bf40d5eb2256a9', 1, 'Soy', 1, 1, 'Fulano'),
(481, 'stanley gomes', 'stanleygomesdasilva@gmail.com', 1, 0, '2019-11-10 22:31:53', NULL, '2019-11-10 19:59:53', '2019-11-10 22:31:53', 2, 41, 'fc749a42209565e01ac842ad589d7305', 1, 'Soy', 2, 2, 'Fulano'),
(491, 'stanley gomes', 'stanleygomesdasilva@gmail.com', 1, 0, '2019-11-10 22:31:54', NULL, '2019-11-10 21:38:45', '2019-11-10 22:31:54', 2, 41, 'f05acfd3ea93f0287d3aa9fbc2c93003', 0, NULL, 0, 0, NULL),
(501, 'stanley gomes', 'stanleygomesdasilva@gmail.com', 1, 0, '2019-11-10 22:31:55', NULL, '2019-11-10 21:41:30', '2019-11-10 22:31:55', 2, 41, '9d6cca81f9550f5d21f3e5e950443682', 0, NULL, 0, 0, NULL),
(511, 'stanley gomes', 'stanleygomesdasilva@gmail.com', 1, 0, '2019-11-10 22:18:49', NULL, '2019-11-10 21:42:20', '2019-11-10 22:18:49', 2, 41, '970e67f68298f26b18de0ec0351feb92', 0, NULL, 0, 0, NULL),
(521, 'stanley gomes', 'stanleygomesdasilva@gmail.com', 1, 0, '2019-11-10 22:31:55', NULL, '2019-11-10 21:44:40', '2019-11-10 22:31:55', 2, 41, '2c564c7963389412da70e7526df187ee', 0, NULL, 0, 0, NULL),
(531, 'stanley gomes', 'stanleygomesdasilva@gmail.com', 1, 0, '2019-11-10 22:31:56', NULL, '2019-11-10 21:45:16', '2019-11-10 22:31:56', 2, 41, '6e4b74ef6b69401d789b3c3ad8933a7a', 0, NULL, 0, 0, NULL),
(541, 'stanley gomes', 'stanleygomesdasilva@gmail.com', 1, 0, '2019-11-10 22:31:57', NULL, '2019-11-10 21:46:19', '2019-11-10 22:31:57', 2, 41, 'b7bf1774fc84825bbeec90f9c3a68acb', 0, NULL, 0, 0, NULL),
(551, 'stanley gomes', 'stanleygomesdasilva@gmail.com', 1, 0, '2019-11-10 22:31:57', NULL, '2019-11-10 21:47:15', '2019-11-10 22:31:57', 2, 41, '2778821f2a810aff1135aa48bec24278', 0, NULL, 0, 0, NULL),
(561, 'stanley gomes', 'stanleygomesdasilva@gmail.com', 1, 0, '2019-11-10 22:31:58', NULL, '2019-11-10 21:49:44', '2019-11-10 22:31:58', 2, 41, '7cfcd96e8fea59e70bc757eb9975f38c', 0, NULL, 0, 0, NULL),
(571, 'stanley gomes', 'stanleygomesdasilva@gmail.com', 1, 0, '2019-11-10 22:31:58', NULL, '2019-11-10 21:56:07', '2019-11-10 22:31:58', 2, 41, 'e89848d08251fcb831654dea87b8a866', 0, NULL, 0, 0, NULL),
(581, 'stanley gomes', 'stanleygomesdasilva@gmail.com', 1, 0, '0000-00-00 00:00:00', NULL, '2019-11-10 22:35:25', '2019-11-10 22:52:37', 1, 41, '4f99057dd95e3f55fff1ff0008675622', 1, 'Chocolate', 2, 3, 'Kellen'),
(591, 'Marco Tulio', 'marcotuliomelo@softbox.com.br ', 1, 0, '0000-00-00 00:00:00', NULL, '2019-11-10 22:56:22', '2019-11-10 22:56:22', 1, 41, 'bb4881620d497f40d6b3d3f033f2a73b', 0, NULL, 0, 0, NULL),
(601, 'Thiago Cantuario', 'thiagocantuario@softbox.com.br', 1, 0, '0000-00-00 00:00:00', NULL, '2019-11-10 22:56:42', '2019-11-10 22:56:42', 1, 41, '0708685d741d6461c9eb5f31d0b06e9a', 0, NULL, 0, 0, NULL),
(611, 'Wendreo Santos', 'wendreosantos@softbox.com.br ', 1, 0, '0000-00-00 00:00:00', NULL, '2019-11-10 22:56:48', '2019-11-10 22:56:48', 1, 41, 'fe636132407ba487e3ad4d7669552f3b', 0, NULL, 0, 0, NULL),
(621, 'Justin', 'jvandevelde@hevvypumps.com', 1, 0, '2019-11-10 23:40:14', NULL, '2019-11-10 22:57:30', '2019-11-10 23:40:14', 2, 41, 'd8acaa1cbb846844e4bed7ca68059d2a', 0, NULL, 0, 0, NULL),
(631, 'Justin', 'jvandevelde@toyopumps.com', 1, 0, '2019-11-11 00:48:15', NULL, '2019-11-10 23:40:24', '2019-11-11 00:48:15', 2, 41, '411c1a16a3c580af0dddd0a384e9bc4b', 0, NULL, 0, 0, NULL),
(641, 'Kellen Cristiny', 'kellencrisgon@gmail.com', 1, 0, '0000-00-00 00:00:00', NULL, '2019-11-10 23:45:11', '2019-11-10 23:50:36', 1, 41, 'fa890ff565a7ffa7d3df43ab4fb59dac', 1, 'No', 2, 3, 'Stanley'),
(651, 'stanley', 'stanleygomesdasilva@outlook.com', 1, 0, '2019-11-11 00:48:20', NULL, '2019-11-11 00:40:06', '2019-11-11 00:48:20', 2, 41, 'cd9366b081fd07bce5e5ce13b934c46b', 0, NULL, 0, 0, NULL),
(661, 'stanley', 'stanleygomesdasilva@outl', 1, 0, '2019-11-11 00:47:13', NULL, '2019-11-11 00:44:50', '2019-11-11 00:47:13', 2, 41, '55db4cd8c8571a138e3a47d0c672eb88', 0, NULL, 0, 0, NULL),
(671, 'stanley', 'stanleygomesdasilva@outlook.com', 1, 0, '2019-11-11 00:48:20', NULL, '2019-11-11 00:44:56', '2019-11-11 00:48:20', 2, 41, 'a74e8fcfc089faf819b0e615206eacbd', 0, NULL, 0, 0, NULL),
(681, 'stanley gomes', 'stanleygomesdasilva@outlook.com', 1, 0, '0000-00-00 00:00:00', NULL, '2019-11-11 00:47:19', '2019-11-11 00:47:19', 1, 41, '0ce4ac1b3687ca11d667bed063bcad8e', 0, NULL, 0, 0, NULL),
(691, 'stanley gomes', 'stanleygomess@hotmail.com', 1, 0, '0000-00-00 00:00:00', NULL, '2019-11-11 00:47:32', '2019-11-11 00:47:32', 1, 41, 'cc3f35742dd955220cdc9d13d78b794d', 0, NULL, 0, 0, NULL),
(701, 'Justin', 'jvandevelde@toyopumps.com', 1, 0, '0000-00-00 00:00:00', NULL, '2019-11-11 00:48:31', '2019-11-11 00:48:31', 1, 41, '64d032f92b169f306e7e0dd9ea610fdf', 0, NULL, 0, 0, NULL),
(711, 'Justin', 'jvandevelde@toyopumps.com', 1, 0, '0000-00-00 00:00:00', NULL, '2019-11-12 02:34:08', '2019-11-12 02:34:08', 1, 41, '8fd5319a4e2e0f08980b5ded50a3ff0b', 0, NULL, 0, 0, NULL),
(721, 'Marco Tulio', 'marcotuliomelo@softbox.com.br ', 1, 0, '0000-00-00 00:00:00', NULL, '2019-11-12 02:34:52', '2019-11-12 02:34:52', 1, 41, '681b180d4a78e9d409b6c3c99edec157', 0, NULL, 0, 0, NULL),
(731, 'stanley gomes', 'stanleygomesdasilva@gmail.com', 1, 0, '0000-00-00 00:00:00', NULL, '2019-11-12 02:34:57', '2019-11-12 02:34:57', 1, 41, 'df3ad22eee6aef1a8cb106c49e652dc6', 0, NULL, 0, 0, NULL),
(741, 'stanley gomes', 'stanleygomesdasilva@gmail.com', 1, 0, '0000-00-00 00:00:00', NULL, '2019-11-12 10:15:45', '2019-11-12 10:15:45', 1, 41, '530597035f28c2fb088671f04fd6fd25', 0, NULL, 0, 0, NULL),
(751, 'stanley gomes', 'stanleygomesdasilva@gmail.com', 1, 0, '0000-00-00 00:00:00', NULL, '2019-11-12 10:26:02', '2019-11-12 10:26:02', 1, 41, '977d25d3094f35701f76bdbb78816aff', 0, NULL, 0, 0, NULL),
(761, 'Thiago Cantuario', 'thiagocantuario@softbox.com.br', 1, 0, '0000-00-00 00:00:00', NULL, '2019-11-12 10:26:13', '2019-11-12 10:26:13', 1, 41, 'efd9b2945f91184bcce20cada508ffe9', 0, NULL, 0, 0, NULL),
(771, 'Kellen Cristiny', 'kellencrisgon@gmail.com', 1, 0, '0000-00-00 00:00:00', NULL, '2019-11-12 10:26:20', '2019-11-12 10:26:20', 1, 41, 'da24807a773aa434889eee2a76de3a07', 0, NULL, 0, 0, NULL),
(781, 'Marco Tulio', 'marcotuliomelo@softbox.com.br ', 1, 0, '0000-00-00 00:00:00', NULL, '2019-11-12 10:26:28', '2019-11-12 10:26:28', 1, 41, '3887b5bf9c0bb24427c79cf42aa26115', 0, NULL, 0, 0, NULL),
(791, 'Justin', 'jvandevelde@toyopumps.com', 1, 0, '0000-00-00 00:00:00', NULL, '2019-11-12 18:33:17', '2019-11-12 18:33:17', 1, 41, 'da6cee3c72d64dfb5ac41cebb16d1988', 0, NULL, 0, 0, NULL),
(801, 'stanley gomes', 'stanleygomesdasilva@gmail.com', 1, 0, '0000-00-00 00:00:00', NULL, '2019-11-12 18:34:29', '2019-11-12 18:34:29', 1, 41, '9faeab2f5c1b0fe671fd41367990bf9e', 0, NULL, 0, 0, NULL),
(811, 'STANLEY GOMES DA SILVA', 'stanleygomesdasilva@gmail.com', 1, 0, '0000-00-00 00:00:00', NULL, '2019-11-13 22:31:41', '2019-11-13 22:31:41', 1, 41, '0788460c11f86c3ac96d2a88e287a990', 0, NULL, 0, 0, NULL),
(812, 'STANLEY GOMES DA SILVA', 'stanleygomesdasilva@gmail.com', 1, 0, '0000-00-00 00:00:00', NULL, '2019-11-14 03:59:45', '2019-11-14 03:59:45', 1, 41, 'b967ee70daabd07049c587d7ffcf5001', 0, NULL, 0, 0, NULL),
(813, 'STANLEY GOMES DA SILVA', 'stanleygomesdasilva@gmail.com', 1, 0, '0000-00-00 00:00:00', NULL, '2019-11-14 04:01:42', '2019-11-14 04:01:42', 1, 41, 'e3bfb801c796703ca2a86b5d1b92d705', 0, NULL, 0, 0, NULL),
(814, 'STANLEY GOMES DA SILVA', 'stanleygomesdasilva@gmail.com', 1, 0, '0000-00-00 00:00:00', NULL, '2019-11-14 04:03:15', '2019-11-14 04:03:15', 1, 41, '414afa7517bf0d4296e935686f0046b0', 0, NULL, 0, 0, NULL),
(815, 'STANLEY GOMES DA SILVA', 'stanleygomesdasilva@gmail.com', 1, 0, '0000-00-00 00:00:00', NULL, '2019-11-14 04:05:19', '2019-11-14 04:05:19', 1, 41, '7b6244e1b493f4c7bf737be16fd836d7', 0, NULL, 0, 0, NULL);

-- --------------------------------------------------------

--
-- Estrutura da tabela `guests_history`
--

CREATE TABLE IF NOT EXISTS `guests_history` (
  `id` int(10) unsigned NOT NULL,
  `user_created` int(11) NOT NULL,
  `user_deleted` int(11) NOT NULL,
  `deleted_at` timestamp NOT NULL DEFAULT '0000-00-00 00:00:00',
  `remember_token` varchar(100) COLLATE utf8_unicode_ci DEFAULT NULL,
  `created_at` timestamp NOT NULL DEFAULT '0000-00-00 00:00:00',
  `updated_at` timestamp NOT NULL DEFAULT '0000-00-00 00:00:00',
  `guest_id` int(11) NOT NULL,
  `status_id` int(11) NOT NULL
) ENGINE=InnoDB AUTO_INCREMENT=1517 DEFAULT CHARSET=utf8 COLLATE=utf8_unicode_ci;

--
-- Extraindo dados da tabela `guests_history`
--

INSERT INTO `guests_history` (`id`, `user_created`, `user_deleted`, `deleted_at`, `remember_token`, `created_at`, `updated_at`, `guest_id`, `status_id`) VALUES
(1, 1, 0, '0000-00-00 00:00:00', NULL, '2018-11-10 13:08:22', '2018-11-10 13:08:22', 1, 1),
(11, 1, 0, '0000-00-00 00:00:00', NULL, '2018-11-10 13:08:41', '2018-11-10 13:08:41', 11, 2),
(21, 1, 0, '0000-00-00 00:00:00', NULL, '2018-11-10 14:19:17', '2018-11-10 14:19:17', 21, 1),
(31, 1, 0, '0000-00-00 00:00:00', NULL, '2018-11-10 14:19:17', '2018-11-10 14:19:17', 21, 2),
(41, 1, 0, '0000-00-00 00:00:00', NULL, '2018-11-10 14:19:17', '2018-11-10 14:19:17', 21, 3),
(51, 1, 0, '0000-00-00 00:00:00', NULL, '2018-11-10 13:08:41', '2018-11-10 13:08:41', 21, 2),
(61, 1, 0, '0000-00-00 00:00:00', NULL, '2018-11-10 16:17:23', '2018-11-10 16:17:23', 31, 3),
(71, 1, 0, '0000-00-00 00:00:00', NULL, '2018-11-10 22:57:51', '2018-11-10 22:57:51', 41, 1),
(81, 1, 0, '0000-00-00 00:00:00', NULL, '2018-11-10 22:59:49', '2018-11-10 22:59:49', 51, 1),
(91, 1, 0, '0000-00-00 00:00:00', NULL, '2018-11-10 23:01:18', '2018-11-10 23:01:18', 61, 1),
(101, 1, 0, '0000-00-00 00:00:00', NULL, '2018-11-10 23:02:10', '2018-11-10 23:02:10', 71, 1),
(111, 1, 0, '0000-00-00 00:00:00', NULL, '2018-11-10 23:03:45', '2018-11-10 23:03:45', 81, 1),
(121, 1, 0, '0000-00-00 00:00:00', NULL, '2018-11-10 23:04:37', '2018-11-10 23:04:37', 91, 1),
(131, 1, 0, '0000-00-00 00:00:00', NULL, '2018-11-10 23:08:43', '2018-11-10 23:08:43', 101, 1),
(141, 1, 0, '0000-00-00 00:00:00', NULL, '2018-11-11 16:21:24', '2018-11-11 16:21:24', 111, 1),
(151, 1, 0, '0000-00-00 00:00:00', NULL, '2018-11-11 16:26:27', '2018-11-11 16:26:27', 121, 1),
(161, 1, 0, '0000-00-00 00:00:00', NULL, '2018-11-11 16:27:16', '2018-11-11 16:27:16', 131, 1),
(171, 1, 0, '0000-00-00 00:00:00', NULL, '2018-11-11 16:44:07', '2018-11-11 16:44:07', 141, 1),
(181, 1, 0, '0000-00-00 00:00:00', NULL, '2018-11-11 17:35:19', '2018-11-11 17:35:19', 141, 1),
(191, 1, 0, '0000-00-00 00:00:00', NULL, '2018-11-11 17:35:25', '2018-11-11 17:35:25', 141, 1),
(201, 1, 0, '0000-00-00 00:00:00', NULL, '2018-11-11 17:35:37', '2018-11-11 17:35:37', 141, 2),
(211, 1, 0, '0000-00-00 00:00:00', NULL, '2018-11-11 18:09:23', '2018-11-11 18:09:23', 151, 1),
(221, 1, 0, '0000-00-00 00:00:00', NULL, '2018-11-11 18:09:38', '2018-11-11 18:09:38', 161, 1),
(241, 1, 0, '0000-00-00 00:00:00', NULL, '2018-11-12 00:33:31', '2018-11-12 00:33:31', 141, 3),
(251, 1, 0, '0000-00-00 00:00:00', NULL, '2018-11-12 00:44:35', '2018-11-12 00:44:35', 171, 1),
(261, 1, 0, '0000-00-00 00:00:00', NULL, '2018-11-12 00:45:58', '2018-11-12 00:45:58', 171, 2),
(271, 1, 0, '0000-00-00 00:00:00', NULL, '2018-11-12 09:20:50', '2018-11-12 09:20:50', 181, 1),
(281, 1, 0, '0000-00-00 00:00:00', NULL, '2018-11-12 09:23:08', '2018-11-12 09:23:08', 181, 2),
(291, 1, 0, '0000-00-00 00:00:00', NULL, '2018-11-12 09:23:25', '2018-11-12 09:23:25', 181, 3),
(301, 1, 0, '0000-00-00 00:00:00', NULL, '2018-11-12 10:49:38', '2018-11-12 10:49:38', 191, 1),
(311, 1, 0, '0000-00-00 00:00:00', NULL, '2018-11-12 10:49:48', '2018-11-12 10:49:48', 201, 1),
(321, 0, 0, '0000-00-00 00:00:00', NULL, '2018-11-12 10:50:50', '2018-11-12 10:50:50', 0, 0),
(331, 0, 0, '0000-00-00 00:00:00', NULL, '2018-11-12 10:50:57', '2018-11-12 10:50:57', 0, 0),
(341, 1, 0, '0000-00-00 00:00:00', NULL, '2018-11-12 10:51:25', '2018-11-12 10:51:25', 211, 1),
(351, 1, 0, '0000-00-00 00:00:00', NULL, '2018-11-12 10:51:37', '2018-11-12 10:51:37', 211, 2),
(361, 0, 0, '0000-00-00 00:00:00', NULL, '2018-11-12 10:51:47', '2018-11-12 10:51:47', 0, 0),
(371, 0, 0, '0000-00-00 00:00:00', NULL, '2018-11-12 10:51:52', '2018-11-12 10:51:52', 0, 0),
(381, 1, 0, '0000-00-00 00:00:00', NULL, '2018-11-12 10:52:02', '2018-11-12 10:52:02', 211, 3),
(391, 0, 0, '0000-00-00 00:00:00', NULL, '2018-11-12 10:52:11', '2018-11-12 10:52:11', 0, 0),
(401, 0, 0, '0000-00-00 00:00:00', NULL, '2018-11-12 10:53:09', '2018-11-12 10:53:09', 0, 0),
(411, 1, 0, '0000-00-00 00:00:00', NULL, '2018-11-12 10:55:27', '2018-11-12 10:55:27', 191, 2),
(421, 0, 0, '0000-00-00 00:00:00', NULL, '2018-11-12 10:57:46', '2018-11-12 10:57:46', 0, 0),
(431, 0, 0, '0000-00-00 00:00:00', NULL, '2018-11-12 10:57:58', '2018-11-12 10:57:58', 0, 0),
(441, 1, 0, '0000-00-00 00:00:00', NULL, '2018-11-12 11:50:25', '2018-11-12 11:50:25', 221, 1),
(451, 1, 0, '0000-00-00 00:00:00', NULL, '2018-11-12 11:51:48', '2018-11-12 11:51:48', 221, 2),
(461, 1, 0, '0000-00-00 00:00:00', NULL, '2018-11-12 11:52:43', '2018-11-12 11:52:43', 221, 3),
(471, 1, 0, '0000-00-00 00:00:00', NULL, '2018-11-12 18:56:06', '2018-11-12 18:56:07', 231, 1),
(481, 1, 0, '0000-00-00 00:00:00', NULL, '2018-11-12 18:57:50', '2018-11-12 18:57:50', 231, 2),
(491, 1, 0, '0000-00-00 00:00:00', NULL, '2018-11-12 18:58:03', '2018-11-12 18:58:03', 231, 3),
(501, 1, 0, '0000-00-00 00:00:00', NULL, '2018-11-12 20:22:54', '2018-11-12 20:22:54', 241, 1),
(511, 1, 0, '0000-00-00 00:00:00', NULL, '2018-11-12 20:23:12', '2018-11-12 20:23:12', 241, 2),
(521, 1, 0, '0000-00-00 00:00:00', NULL, '2018-11-12 20:24:05', '2018-11-12 20:24:05', 251, 1),
(531, 1, 0, '0000-00-00 00:00:00', NULL, '2018-11-12 20:24:30', '2018-11-12 20:24:30', 261, 1),
(541, 1, 0, '0000-00-00 00:00:00', NULL, '2018-11-12 20:34:34', '2018-11-12 20:34:34', 251, 2),
(551, 1, 0, '0000-00-00 00:00:00', NULL, '2018-11-12 22:35:53', '2018-11-12 22:35:53', 261, 2),
(561, 1, 0, '0000-00-00 00:00:00', NULL, '2018-11-12 23:06:06', '2018-11-12 23:06:06', 271, 1),
(571, 1, 0, '0000-00-00 00:00:00', NULL, '2018-11-12 23:07:36', '2018-11-12 23:07:36', 281, 1),
(581, 1, 0, '0000-00-00 00:00:00', NULL, '2018-11-12 23:08:35', '2018-11-12 23:08:35', 281, 2),
(591, 1, 0, '0000-00-00 00:00:00', NULL, '2018-11-12 23:24:25', '2018-11-12 23:24:25', 281, 3),
(601, 1, 0, '0000-00-00 00:00:00', NULL, '2018-11-13 01:49:51', '2018-11-13 01:49:51', 291, 1),
(611, 1, 0, '0000-00-00 00:00:00', NULL, '2018-11-13 01:50:16', '2018-11-13 01:50:16', 291, 2),
(621, 1, 0, '0000-00-00 00:00:00', NULL, '2018-11-13 01:50:37', '2018-11-13 01:50:37', 291, 3),
(631, 1, 0, '0000-00-00 00:00:00', NULL, '2018-11-13 11:15:08', '2018-11-13 11:15:08', 301, 1),
(641, 1, 0, '0000-00-00 00:00:00', NULL, '2018-11-13 11:15:20', '2018-11-13 11:15:20', 301, 2),
(651, 1, 0, '0000-00-00 00:00:00', NULL, '2018-11-14 21:17:03', '2018-11-14 21:17:03', 311, 1),
(661, 1, 0, '0000-00-00 00:00:00', NULL, '2018-11-14 21:18:38', '2018-11-14 21:18:38', 321, 1),
(671, 1, 0, '0000-00-00 00:00:00', NULL, '2018-11-14 21:27:11', '2018-11-14 21:27:11', 331, 1),
(681, 1, 0, '0000-00-00 00:00:00', NULL, '2018-11-15 17:33:24', '2018-11-15 17:33:24', 341, 1),
(691, 1, 0, '0000-00-00 00:00:00', NULL, '2018-11-15 17:34:02', '2018-11-15 17:34:02', 341, 2),
(701, 1, 0, '0000-00-00 00:00:00', NULL, '2018-11-15 17:42:01', '2018-11-15 17:42:01', 351, 1),
(711, 1, 0, '0000-00-00 00:00:00', NULL, '2018-11-15 23:46:37', '2018-11-15 23:46:37', 361, 1),
(721, 1, 0, '0000-00-00 00:00:00', NULL, '2018-11-15 23:47:49', '2018-11-15 23:47:49', 371, 1),
(731, 1, 0, '0000-00-00 00:00:00', NULL, '2018-11-15 23:49:08', '2018-11-15 23:49:08', 371, 2),
(741, 1, 0, '0000-00-00 00:00:00', NULL, '2018-11-16 20:53:32', '2018-11-16 20:53:32', 381, 1),
(751, 1, 0, '0000-00-00 00:00:00', NULL, '2018-11-16 20:54:05', '2018-11-16 20:54:05', 381, 2),
(761, 1, 0, '0000-00-00 00:00:00', NULL, '2018-11-16 21:27:21', '2018-11-16 21:27:21', 381, 3),
(771, 1, 0, '0000-00-00 00:00:00', NULL, '2018-11-16 21:28:17', '2018-11-16 21:28:17', 391, 1),
(781, 1, 0, '0000-00-00 00:00:00', NULL, '2018-11-16 21:28:48', '2018-11-16 21:28:48', 391, 2),
(791, 1, 0, '0000-00-00 00:00:00', NULL, '2018-11-16 21:29:56', '2018-11-16 21:29:56', 391, 3),
(801, 1, 0, '0000-00-00 00:00:00', NULL, '2019-11-08 14:34:47', '2019-11-08 14:34:47', 401, 1),
(811, 1, 0, '0000-00-00 00:00:00', NULL, '2019-11-08 14:35:02', '2019-11-08 14:35:02', 411, 1),
(821, 1, 0, '0000-00-00 00:00:00', NULL, '2019-11-08 14:38:23', '2019-11-08 14:38:23', 421, 1),
(831, 1, 0, '0000-00-00 00:00:00', NULL, '2019-11-08 14:44:31', '2019-11-08 14:44:31', 401, 2),
(841, 1, 0, '0000-00-00 00:00:00', NULL, '2019-11-09 22:18:41', '2019-11-09 22:18:41', 421, 2),
(881, 1, 0, '0000-00-00 00:00:00', NULL, '2019-11-10 16:46:13', '2019-11-10 16:46:13', 421, 3),
(891, 1, 0, '0000-00-00 00:00:00', NULL, '2019-11-10 17:39:00', '2019-11-10 17:39:00', 431, 1),
(901, 1, 0, '0000-00-00 00:00:00', NULL, '2019-11-10 17:41:29', '2019-11-10 17:41:29', 441, 1),
(911, 1, 0, '0000-00-00 00:00:00', NULL, '2019-11-10 17:56:28', '2019-11-10 17:56:28', 451, 1),
(921, 1, 0, '0000-00-00 00:00:00', NULL, '2019-11-10 17:58:00', '2019-11-10 17:58:00', 461, 1),
(931, 1, 0, '0000-00-00 00:00:00', NULL, '2019-11-10 17:58:24', '2019-11-10 17:58:24', 461, 2),
(951, 1, 0, '0000-00-00 00:00:00', NULL, '2019-11-10 19:51:52', '2019-11-10 19:51:52', 461, 3),
(961, 1, 0, '0000-00-00 00:00:00', NULL, '2019-11-10 19:53:59', '2019-11-10 19:53:59', 471, 1),
(971, 1, 0, '0000-00-00 00:00:00', NULL, '2019-11-10 19:56:21', '2019-11-10 19:56:21', 471, 2),
(991, 1, 0, '0000-00-00 00:00:00', NULL, '2019-11-10 19:59:53', '2019-11-10 19:59:53', 481, 1),
(1001, 1, 0, '0000-00-00 00:00:00', NULL, '2019-11-10 20:00:58', '2019-11-10 20:00:58', 481, 2),
(1021, 1, 0, '0000-00-00 00:00:00', NULL, '2019-11-10 20:05:31', '2019-11-10 20:05:31', 481, 3),
(1031, 1, 0, '0000-00-00 00:00:00', NULL, '2019-11-10 21:38:45', '2019-11-10 21:38:45', 491, 1),
(1041, 1, 0, '0000-00-00 00:00:00', NULL, '2019-11-10 21:41:30', '2019-11-10 21:41:30', 501, 1),
(1051, 1, 0, '0000-00-00 00:00:00', NULL, '2019-11-10 21:42:20', '2019-11-10 21:42:20', 511, 1),
(1061, 1, 0, '0000-00-00 00:00:00', NULL, '2019-11-10 21:44:40', '2019-11-10 21:44:40', 521, 1),
(1071, 1, 0, '0000-00-00 00:00:00', NULL, '2019-11-10 21:45:17', '2019-11-10 21:45:17', 531, 1),
(1081, 1, 0, '0000-00-00 00:00:00', NULL, '2019-11-10 21:46:20', '2019-11-10 21:46:20', 541, 1),
(1091, 1, 0, '0000-00-00 00:00:00', NULL, '2019-11-10 21:47:16', '2019-11-10 21:47:16', 551, 1),
(1101, 1, 0, '0000-00-00 00:00:00', NULL, '2019-11-10 21:49:44', '2019-11-10 21:49:44', 561, 1),
(1111, 1, 0, '0000-00-00 00:00:00', NULL, '2019-11-10 21:50:10', '2019-11-10 21:50:10', 561, 2),
(1121, 1, 0, '0000-00-00 00:00:00', NULL, '2019-11-10 21:56:07', '2019-11-10 21:56:07', 571, 1),
(1131, 1, 0, '0000-00-00 00:00:00', NULL, '2019-11-10 21:57:18', '2019-11-10 21:57:18', 571, 2),
(1141, 1, 0, '0000-00-00 00:00:00', NULL, '2019-11-10 22:35:25', '2019-11-10 22:35:25', 581, 1),
(1151, 1, 0, '0000-00-00 00:00:00', NULL, '2019-11-10 22:51:57', '2019-11-10 22:51:57', 581, 2),
(1161, 1, 0, '0000-00-00 00:00:00', NULL, '2019-11-10 22:52:37', '2019-11-10 22:52:37', 581, 3),
(1171, 1, 0, '0000-00-00 00:00:00', NULL, '2019-11-10 22:56:22', '2019-11-10 22:56:22', 591, 1),
(1181, 1, 0, '0000-00-00 00:00:00', NULL, '2019-11-10 22:56:42', '2019-11-10 22:56:42', 601, 1),
(1191, 1, 0, '0000-00-00 00:00:00', NULL, '2019-11-10 22:56:48', '2019-11-10 22:56:48', 611, 1),
(1201, 1, 0, '0000-00-00 00:00:00', NULL, '2019-11-10 22:57:30', '2019-11-10 22:57:30', 621, 1),
(1211, 1, 0, '0000-00-00 00:00:00', NULL, '2019-11-10 23:40:24', '2019-11-10 23:40:24', 631, 1),
(1221, 1, 0, '0000-00-00 00:00:00', NULL, '2019-11-10 23:45:11', '2019-11-10 23:45:11', 641, 1),
(1231, 1, 0, '0000-00-00 00:00:00', NULL, '2019-11-10 23:47:06', '2019-11-10 23:47:06', 641, 2),
(1241, 1, 0, '0000-00-00 00:00:00', NULL, '2019-11-10 23:50:36', '2019-11-10 23:50:36', 641, 3),
(1251, 1, 0, '0000-00-00 00:00:00', NULL, '2019-11-11 00:40:06', '2019-11-11 00:40:06', 651, 1),
(1261, 1, 0, '0000-00-00 00:00:00', NULL, '2019-11-11 00:44:50', '2019-11-11 00:44:50', 661, 1),
(1271, 1, 0, '0000-00-00 00:00:00', NULL, '2019-11-11 00:44:57', '2019-11-11 00:44:57', 671, 1),
(1281, 1, 0, '0000-00-00 00:00:00', NULL, '2019-11-11 00:47:19', '2019-11-11 00:47:19', 681, 1),
(1291, 1, 0, '0000-00-00 00:00:00', NULL, '2019-11-11 00:47:32', '2019-11-11 00:47:32', 691, 1),
(1301, 1, 0, '0000-00-00 00:00:00', NULL, '2019-11-11 00:48:32', '2019-11-11 00:48:32', 701, 1),
(1311, 1, 0, '0000-00-00 00:00:00', NULL, '2019-11-11 02:03:30', '2019-11-11 02:03:30', 691, 2),
(1321, 1, 0, '0000-00-00 00:00:00', NULL, '2019-11-11 02:03:30', '2019-11-11 02:03:30', 691, 2),
(1331, 1, 0, '0000-00-00 00:00:00', NULL, '2019-11-11 02:03:30', '2019-11-11 02:03:30', 691, 2),
(1341, 1, 0, '0000-00-00 00:00:00', NULL, '2019-11-11 16:52:46', '2019-11-11 16:52:46', 591, 2),
(1351, 1, 0, '0000-00-00 00:00:00', NULL, '2019-11-12 02:34:08', '2019-11-12 02:34:08', 711, 1),
(1361, 1, 0, '0000-00-00 00:00:00', NULL, '2019-11-12 02:34:52', '2019-11-12 02:34:52', 721, 1),
(1371, 1, 0, '0000-00-00 00:00:00', NULL, '2019-11-12 02:34:57', '2019-11-12 02:34:57', 731, 1),
(1381, 1, 0, '0000-00-00 00:00:00', NULL, '2019-11-12 02:37:17', '2019-11-12 02:37:17', 731, 2),
(1391, 1, 0, '0000-00-00 00:00:00', NULL, '2019-11-12 03:09:09', '2019-11-12 03:09:09', 711, 2),
(1401, 1, 0, '0000-00-00 00:00:00', NULL, '2019-11-12 10:15:46', '2019-11-12 10:15:46', 741, 1),
(1411, 1, 0, '0000-00-00 00:00:00', NULL, '2019-11-12 10:16:45', '2019-11-12 10:16:45', 741, 2),
(1421, 1, 0, '0000-00-00 00:00:00', NULL, '2019-11-12 10:26:02', '2019-11-12 10:26:02', 751, 1),
(1431, 1, 0, '0000-00-00 00:00:00', NULL, '2019-11-12 10:26:13', '2019-11-12 10:26:13', 761, 1),
(1441, 1, 0, '0000-00-00 00:00:00', NULL, '2019-11-12 10:26:20', '2019-11-12 10:26:20', 771, 1),
(1451, 1, 0, '0000-00-00 00:00:00', NULL, '2019-11-12 10:26:28', '2019-11-12 10:26:28', 781, 1),
(1461, 1, 0, '0000-00-00 00:00:00', NULL, '2019-11-12 10:29:14', '2019-11-12 10:29:14', 751, 2),
(1471, 1, 0, '0000-00-00 00:00:00', NULL, '2019-11-12 11:32:10', '2019-11-12 11:32:10', 761, 2),
(1481, 1, 0, '0000-00-00 00:00:00', NULL, '2019-11-12 18:33:17', '2019-11-12 18:33:17', 791, 1),
(1491, 1, 0, '0000-00-00 00:00:00', NULL, '2019-11-12 18:34:29', '2019-11-12 18:34:29', 801, 1),
(1501, 1, 0, '0000-00-00 00:00:00', NULL, '2019-11-12 19:56:54', '2019-11-12 19:56:54', 791, 2),
(1511, 1, 0, '0000-00-00 00:00:00', NULL, '2019-11-13 22:31:41', '2019-11-13 22:31:41', 811, 1),
(1512, 1, 0, '0000-00-00 00:00:00', NULL, '2019-11-14 03:59:45', '2019-11-14 03:59:45', 812, 1),
(1513, 1, 0, '0000-00-00 00:00:00', NULL, '2019-11-14 04:01:42', '2019-11-14 04:01:42', 813, 1),
(1514, 1, 0, '0000-00-00 00:00:00', NULL, '2019-11-14 04:03:15', '2019-11-14 04:03:15', 814, 1),
(1515, 1, 0, '0000-00-00 00:00:00', NULL, '2019-11-14 04:05:19', '2019-11-14 04:05:19', 815, 1),
(1516, 1, 0, '0000-00-00 00:00:00', NULL, '2019-11-14 04:06:12', '2019-11-14 04:06:12', 815, 2);

-- --------------------------------------------------------

--
-- Estrutura da tabela `guests_history_status`
--

CREATE TABLE IF NOT EXISTS `guests_history_status` (
  `id` int(10) unsigned NOT NULL,
  `name` varchar(255) COLLATE utf8_unicode_ci NOT NULL,
  `user_created` int(11) NOT NULL,
  `user_deleted` int(11) NOT NULL,
  `deleted_at` timestamp NOT NULL DEFAULT '0000-00-00 00:00:00',
  `remember_token` varchar(100) COLLATE utf8_unicode_ci DEFAULT NULL,
  `created_at` timestamp NOT NULL DEFAULT '0000-00-00 00:00:00',
  `updated_at` timestamp NOT NULL DEFAULT '0000-00-00 00:00:00',
  `color` varchar(50) COLLATE utf8_unicode_ci DEFAULT NULL
) ENGINE=InnoDB AUTO_INCREMENT=4 DEFAULT CHARSET=utf8 COLLATE=utf8_unicode_ci;

--
-- Extraindo dados da tabela `guests_history_status`
--

INSERT INTO `guests_history_status` (`id`, `name`, `user_created`, `user_deleted`, `deleted_at`, `remember_token`, `created_at`, `updated_at`, `color`) VALUES
(1, 'Invite sent', 1, 0, '0000-00-00 00:00:00', NULL, '2018-11-10 13:08:21', '2018-11-10 13:08:21', 'primary'),
(2, 'Opened link', 1, 0, '0000-00-00 00:00:00', NULL, '2018-11-10 13:08:21', '2018-11-10 13:08:21', 'warning'),
(3, 'Confirmed', 1, 0, '0000-00-00 00:00:00', NULL, '2018-11-10 13:08:21', '2018-11-10 13:08:21', 'success');

-- --------------------------------------------------------

--
-- Estrutura da tabela `logs`
--

CREATE TABLE IF NOT EXISTS `logs` (
  `id` int(10) unsigned NOT NULL,
  `status` int(11) NOT NULL,
  `user_id` int(11) NOT NULL,
  `token` varchar(255) COLLATE utf8_unicode_ci NOT NULL,
  `action` varchar(255) COLLATE utf8_unicode_ci NOT NULL,
  `data` varchar(255) COLLATE utf8_unicode_ci NOT NULL,
  `ip` varchar(255) COLLATE utf8_unicode_ci NOT NULL,
  `user_created` int(11) NOT NULL,
  `user_deleted` int(11) NOT NULL,
  `deleted_at` timestamp NOT NULL DEFAULT '0000-00-00 00:00:00',
  `created_at` timestamp NOT NULL DEFAULT '0000-00-00 00:00:00',
  `updated_at` timestamp NOT NULL DEFAULT '0000-00-00 00:00:00'
) ENGINE=InnoDB AUTO_INCREMENT=4138 DEFAULT CHARSET=utf8 COLLATE=utf8_unicode_ci;

--
-- Extraindo dados da tabela `logs`
--

INSERT INTO `logs` (`id`, `status`, `user_id`, `token`, `action`, `data`, `ip`, `user_created`, `user_deleted`, `deleted_at`, `created_at`, `updated_at`) VALUES
(1, 1, 1, '', 'login', '{"id":1,"name":"Stanley","zipcode":"","street":"","number":"","complement":"","district":"","city":"","state":"","phone":"","sex":"","type":2,"status":1,"email":"stanleygomesdasilva@gmail.com","user_created":1}', '', 0, 0, '0000-00-00 00:00:00', '2018-11-08 02:08:15', '2018-11-08 02:08:15'),
(11, 1, 1, '', 'login', '{"id":1,"name":"Stanley","zipcode":"","street":"","number":"","complement":"","district":"","city":"","state":"","phone":"","sex":"","type":2,"status":1,"email":"stanleygomesdasilva@gmail.com","user_created":1}', '', 0, 0, '0000-00-00 00:00:00', '2018-11-08 02:12:55', '2018-11-08 02:12:55'),
(21, 1, 1, '', 'login', '{"id":1,"name":"Stanley","zipcode":"","street":"","number":"","complement":"","district":"","city":"","state":"","phone":"","sex":"","type":2,"status":1,"email":"stanleygomesdasilva@gmail.com","user_created":1}', '', 0, 0, '0000-00-00 00:00:00', '2018-11-08 02:14:29', '2018-11-08 02:14:29'),
(31, 1, 1, '', 'login', '{"id":1,"name":"Stanley","zipcode":"","street":"","number":"","complement":"","district":"","city":"","state":"","phone":"","sex":"","type":2,"status":1,"email":"stanleygomesdasilva@gmail.com","user_created":1}', '', 0, 0, '0000-00-00 00:00:00', '2018-11-08 02:19:26', '2018-11-08 02:19:26'),
(41, 1, 1, '', 'logout', '', '', 0, 0, '0000-00-00 00:00:00', '2018-11-08 02:20:04', '2018-11-08 02:20:04'),
(51, 1, 1, '', 'login', '{"id":1,"name":"Stanley","zipcode":"","street":"","number":"","complement":"","district":"","city":"","state":"","phone":"","sex":"","type":2,"status":1,"email":"stanleygomesdasilva@gmail.com","user_created":1}', '', 0, 0, '0000-00-00 00:00:00', '2018-11-08 02:20:14', '2018-11-08 02:20:14'),
(61, 1, 1, '', 'logout', '', '', 0, 0, '0000-00-00 00:00:00', '2018-11-08 02:24:24', '2018-11-08 02:24:24'),
(71, 1, 1, '', 'login', '{"id":1,"name":"Stanley","zipcode":"","street":"","number":"","complement":"","district":"","city":"","state":"","phone":"","sex":"","type":1,"status":1,"email":"stanleygomesdasilva@gmail.com","user_created":1}', '', 0, 0, '0000-00-00 00:00:00', '2018-11-08 02:24:47', '2018-11-08 02:24:47'),
(81, 1, 1, '', 'login', '{"id":1,"name":"Stanley","zipcode":"","street":"","number":"","complement":"","district":"","city":"","state":"","phone":"","sex":"","type":1,"status":1,"email":"stanleygomesdasilva@gmail.com","user_created":1}', '', 0, 0, '0000-00-00 00:00:00', '2018-11-08 02:27:36', '2018-11-08 02:27:36'),
(91, 1, 1, '', 'login', '{"id":1,"name":"Stanley","zipcode":"","street":"","number":"","complement":"","district":"","city":"","state":"","phone":"","sex":"","type":1,"status":1,"email":"stanleygomesdasilva@gmail.com","user_created":1}', '', 0, 0, '0000-00-00 00:00:00', '2018-11-08 10:42:57', '2018-11-08 10:42:57'),
(101, 1, 1, '', 'logout', '', '', 0, 0, '0000-00-00 00:00:00', '2018-11-08 10:52:07', '2018-11-08 10:52:07'),
(111, 1, 1, '', 'login', '{"id":1,"name":"Stanley","zipcode":"","street":"","number":"","complement":"","district":"","city":"","state":"","phone":"","sex":"","type":1,"status":1,"email":"stanleygomesdasilva@gmail.com","user_created":1}', '', 0, 0, '0000-00-00 00:00:00', '2018-11-08 10:54:23', '2018-11-08 10:54:23'),
(121, 1, 1, '', 'create_user', '{"id":11,"name":"Pablo Escobar","email":"pabloalves@softbox.com.br","status":1,"type":"1"}', '', 0, 0, '0000-00-00 00:00:00', '2018-11-08 10:54:37', '2018-11-08 10:54:37'),
(131, 1, 1, '', 'create_user', '{"id":21,"name":"Thiago ","email":"thiagocantuario@softbox.com.br","status":1,"type":"1"}', '', 0, 0, '0000-00-00 00:00:00', '2018-11-08 10:55:18', '2018-11-08 10:55:18'),
(141, 1, 21, '', 'login', '{"id":21,"name":"Thiago ","zipcode":"","street":"","number":"","complement":"","district":"","city":"","state":"","phone":"","sex":"","type":1,"status":1,"email":"thiagocantuario@softbox.com.br","user_created":0}', '', 0, 0, '0000-00-00 00:00:00', '2018-11-08 10:56:40', '2018-11-08 10:56:40'),
(151, 1, 11, '', 'login', '{"id":11,"name":"Pablo Escobar","zipcode":"","street":"","number":"","complement":"","district":"","city":"","state":"","phone":"","sex":"","type":1,"status":1,"email":"pabloalves@softbox.com.br","user_created":0}', '', 0, 0, '0000-00-00 00:00:00', '2018-11-08 10:57:40', '2018-11-08 10:57:40'),
(161, 1, 1, '', 'logout', '', '', 0, 0, '0000-00-00 00:00:00', '2018-11-08 11:01:37', '2018-11-08 11:01:37'),
(171, 1, 1, '', 'login', '{"id":1,"name":"Stanley","zipcode":"","street":"","number":"","complement":"","district":"","city":"","state":"","phone":"","sex":"","type":1,"status":1,"email":"stanleygomesdasilva@gmail.com","user_created":1}', '', 0, 0, '0000-00-00 00:00:00', '2018-11-09 20:40:43', '2018-11-09 20:40:43'),
(181, 1, 1, '', 'create_user', '{"id":31,"name":"Silvestre","email":"silvestresilva@softbox.com.br","status":1,"type":"1"}', '', 0, 0, '0000-00-00 00:00:00', '2018-11-09 20:42:18', '2018-11-09 20:42:18'),
(191, 1, 1, '', 'logout', '', '', 0, 0, '0000-00-00 00:00:00', '2018-11-09 20:45:44', '2018-11-09 20:45:44'),
(201, 1, 1, '', 'login', '{"id":1,"name":"Stanley","zipcode":"","street":"","number":"","complement":"","district":"","city":"","state":"","phone":"","sex":"","type":1,"status":1,"email":"stanleygomesdasilva@gmail.com","user_created":1}', '', 0, 0, '0000-00-00 00:00:00', '2018-11-09 22:33:18', '2018-11-09 22:33:18'),
(211, 1, 1, '', 'login', '{"id":1,"name":"Stanley","zipcode":"","street":"","number":"","complement":"","district":"","city":"","state":"","phone":"","sex":"","type":1,"status":1,"email":"stanleygomesdasilva@gmail.com","user_created":1}', '', 0, 0, '0000-00-00 00:00:00', '2018-11-10 01:57:16', '2018-11-10 01:57:16'),
(221, 1, 1, '', 'login', '{"id":1,"name":"Stanley","zipcode":"","street":"","number":"","complement":"","district":"","city":"","state":"","phone":"","sex":"","type":1,"status":1,"email":"stanleygomesdasilva@gmail.com","user_created":1}', '', 0, 0, '0000-00-00 00:00:00', '2018-11-10 11:35:40', '2018-11-10 11:35:40'),
(231, 1, 1, '', 'login', '{"id":1,"name":"Stanley","zipcode":"","street":"","number":"","complement":"","district":"","city":"","state":"","phone":"","sex":"","type":1,"status":1,"email":"stanleygomesdasilva@gmail.com","user_created":1}', '', 0, 0, '0000-00-00 00:00:00', '2018-11-10 12:18:00', '2018-11-10 12:18:00'),
(241, 1, 1, '', 'logout', '', '', 0, 0, '0000-00-00 00:00:00', '2018-11-10 12:19:22', '2018-11-10 12:19:22'),
(251, 1, 1, '', 'login', '{"id":1,"name":"Stanley","zipcode":"","street":"","number":"","complement":"","district":"","city":"","state":"","phone":"","sex":"","type":1,"status":1,"email":"stanleygomesdasilva@gmail.com","user_created":1}', '', 0, 0, '0000-00-00 00:00:00', '2018-11-10 12:19:32', '2018-11-10 12:19:32'),
(261, 1, 1, '', 'logout', '', '', 0, 0, '0000-00-00 00:00:00', '2018-11-10 12:20:46', '2018-11-10 12:20:46'),
(271, 1, 1, '', 'login', '{"id":1,"name":"Stanley","zipcode":"","street":"","number":"","complement":"","district":"","city":"","state":"","phone":"","sex":"","type":1,"status":1,"email":"stanleygomesdasilva@gmail.com","user_created":1}', '', 0, 0, '0000-00-00 00:00:00', '2018-11-10 12:20:52', '2018-11-10 12:20:52'),
(281, 1, 1, '', 'logout', '', '', 0, 0, '0000-00-00 00:00:00', '2018-11-10 12:21:09', '2018-11-10 12:21:09'),
(291, 1, 1, '', 'login', '{"id":1,"name":"Stanley","zipcode":"","street":"","number":"","complement":"","district":"","city":"","state":"","phone":"","sex":"","type":1,"status":1,"email":"stanleygomesdasilva@gmail.com","user_created":1}', '', 0, 0, '0000-00-00 00:00:00', '2018-11-10 12:24:21', '2018-11-10 12:24:21'),
(301, 1, 1, '', 'logout', '', '', 0, 0, '0000-00-00 00:00:00', '2018-11-10 12:25:02', '2018-11-10 12:25:02'),
(311, 1, 1, '', 'login', '{"id":1,"name":"Stanley","zipcode":"","street":"","number":"","complement":"","district":"","city":"","state":"","phone":"","sex":"","type":1,"status":1,"email":"stanleygomesdasilva@gmail.com","user_created":1}', '', 0, 0, '0000-00-00 00:00:00', '2018-11-10 12:25:09', '2018-11-10 12:25:09'),
(321, 1, 1, '', 'logout', '', '', 0, 0, '0000-00-00 00:00:00', '2018-11-10 12:26:36', '2018-11-10 12:26:36'),
(331, 1, 1, '', 'login', '{"id":1,"name":"Stanley","zipcode":"","street":"","number":"","complement":"","district":"","city":"","state":"","phone":"","sex":"","type":1,"status":1,"email":"stanleygomesdasilva@gmail.com","user_created":1}', '', 0, 0, '0000-00-00 00:00:00', '2018-11-10 12:27:45', '2018-11-10 12:27:45'),
(341, 1, 1, '', 'logout', '', '', 0, 0, '0000-00-00 00:00:00', '2018-11-10 12:29:55', '2018-11-10 12:29:55'),
(351, 1, 1, '', 'login', '{"id":1,"name":"Stanley","zipcode":"","street":"","number":"","complement":"","district":"","city":"","state":"","phone":"","sex":"","type":1,"status":1,"email":"stanleygomesdasilva@gmail.com","user_created":1}', '', 0, 0, '0000-00-00 00:00:00', '2018-11-10 12:31:34', '2018-11-10 12:31:34'),
(361, 1, 1, '', 'create_guests_history', '{"id":1,"status_id":1,"guest_id":1}', '', 0, 0, '0000-00-00 00:00:00', '2018-11-10 12:58:39', '2018-11-10 12:58:39'),
(371, 1, 1, '', 'create_guest', '{"id":1,"name":"stanley","event_id":"1","email":"stanleygomesdasilva@gmail.com","status":1,"guest_id":1,"status_id":1}', '', 0, 0, '0000-00-00 00:00:00', '2018-11-10 12:58:39', '2018-11-10 12:58:39'),
(381, 1, 1, '', 'create_guests_history', '{"id":11,"status_id":1,"guest_id":11}', '', 0, 0, '0000-00-00 00:00:00', '2018-11-10 13:01:52', '2018-11-10 13:01:52'),
(391, 1, 1, '', 'create_guest', '{"id":11,"name":"Hello","event_id":"1","email":"hello@hello.com","user_created":1,"status":1,"guest_id":11,"status_id":1}', '', 0, 0, '0000-00-00 00:00:00', '2018-11-10 13:01:54', '2018-11-10 13:01:54'),
(401, 1, 1, '', 'create_guests_history', '{"id":21,"status_id":1,"guest_id":21}', '', 0, 0, '0000-00-00 00:00:00', '2018-11-10 13:04:49', '2018-11-10 13:04:49'),
(411, 1, 1, '', 'create_guest', '{"id":21,"name":"a","event_id":"1","email":"a@a.com","user_created":1,"status":1,"guest_id":21,"status_id":1}', '', 0, 0, '0000-00-00 00:00:00', '2018-11-10 13:04:50', '2018-11-10 13:04:50'),
(421, 1, 1, '', 'create_guests_history', '{"id":31,"status_id":1,"guest_id":31}', '', 0, 0, '0000-00-00 00:00:00', '2018-11-10 13:07:06', '2018-11-10 13:07:06'),
(431, 1, 1, '', 'create_guest', '{"id":31,"name":"teste","event_id":"1","email":"teste@teste.com","user_created":1,"status":1,"guest_id":31,"status_id":1}', '', 0, 0, '0000-00-00 00:00:00', '2018-11-10 13:07:07', '2018-11-10 13:07:07'),
(441, 1, 1, '', 'create_guests_history', '{"id":1,"status_id":1,"guest_id":1}', '', 0, 0, '0000-00-00 00:00:00', '2018-11-10 13:08:23', '2018-11-10 13:08:23'),
(451, 1, 1, '', 'create_guest', '{"id":1,"name":"teste","event_id":"1","email":"teste@teste.com","user_created":1,"status":1,"guest_id":1,"status_id":1}', '', 0, 0, '0000-00-00 00:00:00', '2018-11-10 13:08:24', '2018-11-10 13:08:24'),
(461, 1, 1, '', 'create_guests_history', '{"id":11,"status_id":1,"guest_id":11}', '', 0, 0, '0000-00-00 00:00:00', '2018-11-10 13:08:42', '2018-11-10 13:08:42'),
(471, 1, 1, '', 'create_guest', '{"id":11,"name":"TESTES2","event_id":"1","email":"teste@teste.com","user_created":1,"status":1,"guest_id":11,"status_id":1}', '', 0, 0, '0000-00-00 00:00:00', '2018-11-10 13:08:42', '2018-11-10 13:08:42'),
(481, 1, 1, '', 'update_guest', '{"id":1,"name":"teste","email":"teste@teste.com","user_created":1,"user_deleted":0,"remember_token":null,"status":1,"event_id":1}', '', 0, 0, '0000-00-00 00:00:00', '2018-11-10 13:15:09', '2018-11-10 13:15:09'),
(491, 1, 1, '', 'logout', '', '', 0, 0, '0000-00-00 00:00:00', '2018-11-10 14:00:32', '2018-11-10 14:00:32'),
(501, 1, 1, '', 'login', '{"id":1,"name":"Stanley","zipcode":"","street":"","number":"","complement":"","district":"","city":"","state":"","phone":"","sex":"","type":1,"status":1,"email":"stanleygomesdasilva@gmail.com","user_created":1}', '', 0, 0, '0000-00-00 00:00:00', '2018-11-10 14:00:38', '2018-11-10 14:00:38'),
(511, 1, 1, '', 'create_guests_history', '{"id":21,"status_id":1,"guest_id":21}', '', 0, 0, '0000-00-00 00:00:00', '2018-11-10 14:19:18', '2018-11-10 14:19:18'),
(521, 1, 1, '', 'create_guest', '{"id":21,"name":"Testes","event_id":"1","email":"teste@teste.com","user_created":1,"status":1,"guest_id":21,"status_id":1}', '', 0, 0, '0000-00-00 00:00:00', '2018-11-10 14:19:18', '2018-11-10 14:19:18'),
(531, 1, 1, '', 'delete_guest', '{"id":21,"name":"Testes","email":"teste@teste.com","user_created":1,"user_deleted":0,"remember_token":null,"status":2,"event_id":1}', '', 0, 0, '0000-00-00 00:00:00', '2018-11-10 15:42:37', '2018-11-10 15:42:37'),
(541, 1, 1, '', 'create_guests_history', '{"id":61,"status_id":1,"guest_id":31,"user_created":1}', '', 0, 0, '0000-00-00 00:00:00', '2018-11-10 16:17:24', '2018-11-10 16:17:24'),
(551, 1, 1, '', 'create_guest', '{"id":31,"name":"stanley","event_id":"1","email":"stanleygomesdasilva@gmail.com","user_created":1,"status":1,"guest_id":31,"status_id":1}', '', 0, 0, '0000-00-00 00:00:00', '2018-11-10 16:17:25', '2018-11-10 16:17:25'),
(561, 1, 1, '', 'login', '{"id":1,"name":"Stanley","zipcode":"","street":"","number":"","complement":"","district":"","city":"","state":"","phone":"","sex":"","type":1,"status":1,"email":"stanleygomesdasilva@gmail.com","user_created":1}', '', 0, 0, '0000-00-00 00:00:00', '2018-11-10 16:45:43', '2018-11-10 16:45:43'),
(571, 1, 1, '', 'login', '{"id":1,"name":"Stanley","zipcode":"","street":"","number":"","complement":"","district":"","city":"","state":"","phone":"","sex":"","type":1,"status":1,"email":"stanleygomesdasilva@gmail.com","user_created":1}', '', 0, 0, '0000-00-00 00:00:00', '2018-11-10 16:55:19', '2018-11-10 16:55:19'),
(581, 1, 1, '', 'logout', '', '', 0, 0, '0000-00-00 00:00:00', '2018-11-10 17:39:14', '2018-11-10 17:39:14'),
(591, 1, 0, '', 'update_user', '{"id":1,"name":"Stanley","zipcode":"","street":"","number":"","complement":"","district":"","city":"","state":"","phone":"","sex":"","type":1,"status":1,"email":"stanleygomesdasilva@gmail.com","user_created":1}', '', 0, 0, '0000-00-00 00:00:00', '2018-11-10 17:39:29', '2018-11-10 17:39:29'),
(601, 1, 1, '', 'login', '{"id":1,"name":"Stanley","zipcode":"","street":"","number":"","complement":"","district":"","city":"","state":"","phone":"","sex":"","type":1,"status":1,"email":"stanleygomesdasilva@gmail.com","user_created":1}', '', 0, 0, '0000-00-00 00:00:00', '2018-11-10 17:40:07', '2018-11-10 17:40:07'),
(611, 1, 1, '', 'logout', '', '', 0, 0, '0000-00-00 00:00:00', '2018-11-10 17:40:23', '2018-11-10 17:40:23'),
(621, 1, 0, '', 'update_user', '{"id":1,"name":"Stanley","zipcode":"","street":"","number":"","complement":"","district":"","city":"","state":"","phone":"","sex":"","type":1,"status":1,"email":"stanleygomesdasilva@gmail.com","user_created":1}', '', 0, 0, '0000-00-00 00:00:00', '2018-11-10 17:46:36', '2018-11-10 17:46:36'),
(631, 1, 0, '', 'update_user', '{"id":1,"name":"Stanley","zipcode":"","street":"","number":"","complement":"","district":"","city":"","state":"","phone":"","sex":"","type":1,"status":1,"email":"stanleygomesdasilva@gmail.com","user_created":1}', '', 0, 0, '0000-00-00 00:00:00', '2018-11-10 17:48:08', '2018-11-10 17:48:08'),
(641, 1, 0, '', 'update_user', '{"id":1,"name":"Stanley","zipcode":"","street":"","number":"","complement":"","district":"","city":"","state":"","phone":"","sex":"","type":1,"status":1,"email":"stanleygomesdasilva@gmail.com","user_created":1}', '', 0, 0, '0000-00-00 00:00:00', '2018-11-10 17:49:18', '2018-11-10 17:49:18'),
(651, 1, 0, '', 'update_user', '{"id":1,"name":"Stanley","zipcode":"","street":"","number":"","complement":"","district":"","city":"","state":"","phone":"","sex":"","type":1,"status":1,"email":"stanleygomesdasilva@gmail.com","user_created":1}', '', 0, 0, '0000-00-00 00:00:00', '2018-11-10 17:54:25', '2018-11-10 17:54:25'),
(661, 1, 0, '', 'update_user', '{"id":1,"name":"Stanley","zipcode":"","street":"","number":"","complement":"","district":"","city":"","state":"","phone":"","sex":"","type":1,"status":1,"email":"stanleygomesdasilva@gmail.com","user_created":1}', '', 0, 0, '0000-00-00 00:00:00', '2018-11-10 17:56:22', '2018-11-10 17:56:22'),
(671, 1, 1, '', 'login', '{"id":1,"name":"Stanley","zipcode":"","street":"","number":"","complement":"","district":"","city":"","state":"","phone":"","sex":"","type":1,"status":1,"email":"stanleygomesdasilva@gmail.com","user_created":1}', '', 0, 0, '0000-00-00 00:00:00', '2018-11-10 18:01:11', '2018-11-10 18:01:11'),
(681, 1, 1, '', 'create_user', '{"id":41,"name":"stanley 2","email":"stanleygomesdasilva@outlook.com","status":1,"type":"1"}', '', 0, 0, '0000-00-00 00:00:00', '2018-11-10 18:01:42', '2018-11-10 18:01:42'),
(691, 1, 1, '', 'update_user', '{"id":11,"name":"Pablo Escobar","zipcode":"","street":"","number":"","complement":"","district":"","city":"","state":"","phone":"","sex":"","type":1,"status":2,"email":"pabloalves@softbox.com.br","user_created":0}', '', 0, 0, '0000-00-00 00:00:00', '2018-11-10 18:01:55', '2018-11-10 18:01:55'),
(701, 1, 0, '', 'update_user', '{"id":1,"name":"Stanley","zipcode":"","street":"","number":"","complement":"","district":"","city":"","state":"","phone":"","sex":"","type":1,"status":1,"email":"stanleygomesdasilva@gmail.com","user_created":1}', '', 0, 0, '0000-00-00 00:00:00', '2018-11-10 21:48:50', '2018-11-10 21:48:50'),
(711, 1, 1, '', 'login', '{"id":1,"name":"Stanley","zipcode":"","street":"","number":"","complement":"","district":"","city":"","state":"","phone":"","sex":"","type":1,"status":1,"email":"stanleygomesdasilva@gmail.com","user_created":1}', '', 0, 0, '0000-00-00 00:00:00', '2018-11-10 21:49:06', '2018-11-10 21:49:06'),
(721, 1, 1, '', 'create_event', '{"id":21,"name":"Teste","date":"2018-09-25 12:00:00","place":"Rua tal","status":1}', '', 0, 0, '0000-00-00 00:00:00', '2018-11-10 22:42:53', '2018-11-10 22:42:53'),
(731, 1, 1, '', 'create_event', '{"id":31,"name":"Evento teste","date":"2018-10-17 12:00:00","place":"rua teste","status":1}', '', 0, 0, '0000-00-00 00:00:00', '2018-11-10 22:43:42', '2018-11-10 22:43:42'),
(741, 1, 1, '', 'delete_event', '{"id":21,"name":"Teste","status":2,"user_created":0,"user_deleted":0,"remember_token":null,"date":"2018-09-25 12:00:00","place":"Rua tal"}', '', 0, 0, '0000-00-00 00:00:00', '2018-11-10 22:43:57', '2018-11-10 22:43:57'),
(751, 1, 1, '', 'update_event', '{"id":1,"name":"Christmas Party 2018","status":1,"user_created":1,"user_deleted":0,"remember_token":null,"date":"2018-10-17 12:00:00","place":"Rua tal"}', '', 0, 0, '0000-00-00 00:00:00', '2018-11-10 22:47:06', '2018-11-10 22:47:06'),
(761, 1, 1, '', 'delete_event', '{"id":31,"name":"Evento teste","status":2,"user_created":0,"user_deleted":0,"remember_token":null,"date":"2018-10-17 12:00:00","place":"rua teste"}', '', 0, 0, '0000-00-00 00:00:00', '2018-11-10 22:48:38', '2018-11-10 22:48:38'),
(771, 1, 1, '', 'create_guests_history', '{"id":71,"status_id":1,"guest_id":41,"user_created":1}', '', 0, 0, '0000-00-00 00:00:00', '2018-11-10 22:57:51', '2018-11-10 22:57:51'),
(781, 1, 1, '', 'create_guest', '{"id":41,"name":"stanley","event_id":"1","email":"stanleygomesdasilva@gmail.com","user_created":1,"token":"$2y$10$J3X2kC6grOipyfF3\\/tpNkuVF4yjEcO7bOUoTK8.3JK.SmDR7xgPUS","status":1,"guest_id":41,"status_id":1,"event_name":"Christmas Party 2018","event_dat', '', 0, 0, '0000-00-00 00:00:00', '2018-11-10 22:57:52', '2018-11-10 22:57:52'),
(791, 1, 1, '', 'create_guests_history', '{"id":81,"status_id":1,"guest_id":51,"user_created":1}', '', 0, 0, '0000-00-00 00:00:00', '2018-11-10 22:59:50', '2018-11-10 22:59:50'),
(801, 1, 1, '', 'create_guest', '{"id":51,"name":"stanley","event_id":"1","email":"stanleygomesdasilva@gmail.com","user_created":1,"token":"$2y$10$vw8RotXsgYPYG.KUXcC5kOaHWGFyyGj35qc0ZCfwbiYA5UISjyCoW","status":1,"guest_id":51,"status_id":1,"event_name":"Christmas Party 2018","event_date', '', 0, 0, '0000-00-00 00:00:00', '2018-11-10 22:59:51', '2018-11-10 22:59:51'),
(811, 1, 1, '', 'create_guests_history', '{"id":91,"status_id":1,"guest_id":61,"user_created":1}', '', 0, 0, '0000-00-00 00:00:00', '2018-11-10 23:01:19', '2018-11-10 23:01:19'),
(821, 1, 1, '', 'create_guests_history', '{"id":101,"status_id":1,"guest_id":71,"user_created":1}', '', 0, 0, '0000-00-00 00:00:00', '2018-11-10 23:02:10', '2018-11-10 23:02:10'),
(831, 1, 1, '', 'error_send_email.guest-invite', 'DADOS: $2y$10$wq.8Y0DPDLdd3yVD9KXbkOAyCxEvYup07KqCoJape65Sm9EzybH2e, contato@agricaph.com.br, Justin from Hevvy Pumps, stanley, stanleygomesdasilva@gmail.com, Christmas Party 2018, 2018-10-17 12:00:00, Rua tal, ', '', 0, 0, '0000-00-00 00:00:00', '2018-11-10 23:02:14', '2018-11-10 23:02:14'),
(841, 1, 1, '', 'create_guest', '{"id":71,"name":"stanley","event_id":"1","email":"stanleygomesdasilva@gmail.com","user_created":1,"token":"$2y$10$wq.8Y0DPDLdd3yVD9KXbkOAyCxEvYup07KqCoJape65Sm9EzybH2e","status":1,"guest_id":71,"status_id":1,"event_name":"Christmas Party 2018","event_date', '', 0, 0, '0000-00-00 00:00:00', '2018-11-10 23:02:15', '2018-11-10 23:02:15'),
(851, 1, 1, '', 'create_guests_history', '{"id":111,"status_id":1,"guest_id":81,"user_created":1}', '', 0, 0, '0000-00-00 00:00:00', '2018-11-10 23:03:46', '2018-11-10 23:03:46'),
(861, 1, 1, '', 'error_send_email.guest-invite', 'DADOS: c07a03a73fc21c29ef0885b8b65b6625, contato@agricaph.com.br, Justin from Hevvy Pumps, stanley, stanleygomesdasilva@gmail.com, Christmas Party 2018, 2018-10-17 12:00:00, Rua tal, ', '', 0, 0, '0000-00-00 00:00:00', '2018-11-10 23:03:47', '2018-11-10 23:03:47'),
(871, 1, 1, '', 'create_guest', '{"id":81,"name":"stanley","event_id":"1","email":"stanleygomesdasilva@gmail.com","user_created":1,"token":"c07a03a73fc21c29ef0885b8b65b6625","status":1,"guest_id":81,"status_id":1,"event_name":"Christmas Party 2018","event_date":{"date":"2018-10-17 12:00:', '', 0, 0, '0000-00-00 00:00:00', '2018-11-10 23:03:48', '2018-11-10 23:03:48'),
(881, 1, 1, '', 'create_guests_history', '{"id":121,"status_id":1,"guest_id":91,"user_created":1}', '', 0, 0, '0000-00-00 00:00:00', '2018-11-10 23:04:38', '2018-11-10 23:04:38'),
(891, 1, 1, '', 'create_guests_history', '{"id":131,"status_id":1,"guest_id":101,"user_created":1}', '', 0, 0, '0000-00-00 00:00:00', '2018-11-10 23:08:45', '2018-11-10 23:08:45'),
(901, 1, 1, '', 'create_guest', '{"id":101,"name":"stanley","event_id":"1","email":"stanleygomesdasilva@gmail.com","user_created":1,"token":"c7ca270677318cc747bfbf5e3e9cfda4","status":1,"guest_id":101,"status_id":1,"event_name":"Christmas Party 2018","event_date":{"date":"2018-10-17 12:0', '', 0, 0, '0000-00-00 00:00:00', '2018-11-10 23:08:49', '2018-11-10 23:08:49'),
(911, 1, 1, '', 'login', '{"id":1,"name":"Stanley","zipcode":"","street":"","number":"","complement":"","district":"","city":"","state":"","phone":"","sex":"","type":1,"status":1,"email":"stanleygomesdasilva@gmail.com","user_created":1}', '', 0, 0, '0000-00-00 00:00:00', '2018-11-11 11:27:59', '2018-11-11 11:27:59'),
(921, 1, 1, '', 'login', '{"id":1,"name":"Stanley","zipcode":"","street":"","number":"","complement":"","district":"","city":"","state":"","phone":"","sex":"","type":1,"status":1,"email":"stanleygomesdasilva@gmail.com","user_created":1}', '', 0, 0, '0000-00-00 00:00:00', '2018-11-11 16:21:03', '2018-11-11 16:21:03'),
(931, 1, 1, '', 'create_guests_history', '{"id":141,"status_id":1,"guest_id":111,"user_created":1}', '', 0, 0, '0000-00-00 00:00:00', '2018-11-11 16:21:25', '2018-11-11 16:21:25'),
(941, 1, 1, '', 'create_guests_history', '{"id":151,"status_id":1,"guest_id":121,"user_created":1}', '', 0, 0, '0000-00-00 00:00:00', '2018-11-11 16:26:28', '2018-11-11 16:26:28'),
(951, 1, 1, '', 'create_guests_history', '{"id":161,"status_id":1,"guest_id":131,"user_created":1}', '', 0, 0, '0000-00-00 00:00:00', '2018-11-11 16:27:16', '2018-11-11 16:27:16'),
(961, 1, 1, '', 'create_guest', '{"id":131,"name":"stanley","event_id":"1","email":"stanleygomesdasilva@gmail.com","user_created":1,"token":"959bf93837b417679b68dc2f29af058e","status":1,"guest_id":131,"status_id":1,"event_name":"Christmas Party 2018","event_date":{"date":"2018-10-17 12:0', '', 0, 0, '0000-00-00 00:00:00', '2018-11-11 16:27:20', '2018-11-11 16:27:20'),
(971, 1, 1, '', 'create_guests_history', '{"id":171,"status_id":1,"guest_id":141,"user_created":1}', '', 0, 0, '0000-00-00 00:00:00', '2018-11-11 16:44:08', '2018-11-11 16:44:08'),
(981, 1, 1, '', 'create_guest', '{"id":141,"name":"Testes","event_id":"1","email":"stanleygomesdasilva@gmail.com","user_created":1,"token":"1edea8d6a554ede827b1322e517a694a","status":1,"guest_id":141,"status_id":1,"event_name":"Christmas Party 2018","event_date":{"date":"2018-10-17 12:00', '', 0, 0, '0000-00-00 00:00:00', '2018-11-11 16:44:26', '2018-11-11 16:44:26'),
(991, 1, 1, '', 'create_guests_history', '{"id":181,"status_id":1,"guest_id":141,"user_created":1}', '', 0, 0, '0000-00-00 00:00:00', '2018-11-11 17:35:20', '2018-11-11 17:35:20'),
(1001, 1, 1, '', 'create_guests_history', '{"id":191,"status_id":1,"guest_id":141,"user_created":1}', '', 0, 0, '0000-00-00 00:00:00', '2018-11-11 17:35:25', '2018-11-11 17:35:25'),
(1011, 1, 1, '', 'create_guests_history', '{"id":201,"status_id":2,"guest_id":141,"user_created":1}', '', 0, 0, '0000-00-00 00:00:00', '2018-11-11 17:35:37', '2018-11-11 17:35:37'),
(1021, 1, 1, '', 'create_guests_history', '{"id":211,"status_id":1,"guest_id":151,"user_created":1}', '', 0, 0, '0000-00-00 00:00:00', '2018-11-11 18:09:24', '2018-11-11 18:09:24'),
(1031, 1, 1, '', 'create_guest', '{"id":151,"name":"stanley","event_id":"1","email":"stanleygomesdasilva@gmail.com","user_created":1,"token":"f2fcacbdb5fc937294079a178237480e","status":1,"guest_id":151,"status_id":1,"event_name":"Christmas Party 2018","event_date":{"date":"2018-10-17 12:0', '', 0, 0, '0000-00-00 00:00:00', '2018-11-11 18:09:25', '2018-11-11 18:09:25'),
(1041, 1, 1, '', 'create_guests_history', '{"id":221,"status_id":1,"guest_id":161,"user_created":1}', '', 0, 0, '0000-00-00 00:00:00', '2018-11-11 18:09:38', '2018-11-11 18:09:38'),
(1051, 1, 1, '', 'create_guest', '{"id":161,"name":"Stanley","event_id":"1","email":"stanleygomesdasilva@gmail.com","user_created":1,"token":"b1588d90e9a40a51a8535df40e1197b4","status":1,"guest_id":161,"status_id":1,"event_name":"Christmas Party 2018","event_date":{"date":"2018-10-17 12:0', '', 0, 0, '0000-00-00 00:00:00', '2018-11-11 18:09:56', '2018-11-11 18:09:56'),
(1061, 1, 1, '', 'login', '{"id":1,"name":"Stanley","zipcode":"","street":"","number":"","complement":"","district":"","city":"","state":"","phone":"","sex":"","type":1,"status":1,"email":"stanleygomesdasilva@gmail.com","user_created":1}', '', 0, 0, '0000-00-00 00:00:00', '2018-11-11 23:10:44', '2018-11-11 23:10:44'),
(1071, 1, 1, '', 'update_event', '{"id":1,"name":"Christmas Party 2018","status":1,"user_created":1,"user_deleted":0,"remember_token":null,"date":"2018-12-03 04:39:00","place":"The Vancouver Club - 915 W Hastings St, Vancouver, BC V6C 1C6"}', '', 0, 0, '0000-00-00 00:00:00', '2018-11-11 23:13:08', '2018-11-11 23:13:08'),
(1081, 1, 1, '', 'update_event', '{"id":1,"name":"Christmas Party 2018","status":1,"user_created":1,"user_deleted":0,"remember_token":null,"date":"2018-12-03 00:00:00","place":"The Vancouver Club - 915 W Hastings St, Vancouver, BC V6C 1C6"}', '', 0, 0, '0000-00-00 00:00:00', '2018-11-11 23:23:23', '2018-11-11 23:23:23'),
(1091, 1, 1, '', 'create_guests_history', '{"id":231,"status_id":3,"guest_id":141,"user_created":1}', '', 0, 0, '0000-00-00 00:00:00', '2018-11-11 23:44:04', '2018-11-11 23:44:04'),
(1101, 1, 1, '', 'delete_guest', '{"id":41,"name":"stanley","email":"stanleygomesdasilva@gmail.com","user_created":1,"user_deleted":0,"remember_token":null,"status":2,"event_id":1,"token":"$2y$10$J3X2kC6grOipyfF3\\/tpNkuVF4yjEcO7bOUoTK8.3JK.SmDR7xgPUS"}', '', 0, 0, '0000-00-00 00:00:00', '2018-11-11 23:56:13', '2018-11-11 23:56:13'),
(1111, 1, 1, '', 'delete_guest', '{"id":51,"name":"stanley","email":"stanleygomesdasilva@gmail.com","user_created":1,"user_deleted":0,"remember_token":null,"status":2,"event_id":1,"token":"$2y$10$vw8RotXsgYPYG.KUXcC5kOaHWGFyyGj35qc0ZCfwbiYA5UISjyCoW"}', '', 0, 0, '0000-00-00 00:00:00', '2018-11-11 23:56:21', '2018-11-11 23:56:21'),
(1121, 1, 1, '', 'delete_guest', '{"id":61,"name":"stanley","email":"stanleygomesdasilva@gmail.com","user_created":1,"user_deleted":0,"remember_token":null,"status":2,"event_id":1,"token":"$2y$10$3UwB8x7Du.3unMtFNgwro.JF.y4x4OrGgS5cf34Xmc8J4C2gLWSM6"}', '', 0, 0, '0000-00-00 00:00:00', '2018-11-11 23:56:30', '2018-11-11 23:56:30'),
(1131, 1, 1, '', 'delete_guest', '{"id":71,"name":"stanley","email":"stanleygomesdasilva@gmail.com","user_created":1,"user_deleted":0,"remember_token":null,"status":2,"event_id":1,"token":"$2y$10$wq.8Y0DPDLdd3yVD9KXbkOAyCxEvYup07KqCoJape65Sm9EzybH2e"}', '', 0, 0, '0000-00-00 00:00:00', '2018-11-11 23:56:38', '2018-11-11 23:56:38'),
(1141, 1, 1, '', 'delete_guest', '{"id":81,"name":"stanley","email":"stanleygomesdasilva@gmail.com","user_created":1,"user_deleted":0,"remember_token":null,"status":2,"event_id":1,"token":"c07a03a73fc21c29ef0885b8b65b6625"}', '', 0, 0, '0000-00-00 00:00:00', '2018-11-11 23:56:47', '2018-11-11 23:56:47'),
(1151, 1, 1, '', 'delete_guest', '{"id":91,"name":"stanley","email":"stanleygomesdasilva@gmail.com","user_created":1,"user_deleted":0,"remember_token":null,"status":2,"event_id":1,"token":"29b1adfcec9070eec22b608fdd508c35"}', '', 0, 0, '0000-00-00 00:00:00', '2018-11-11 23:56:56', '2018-11-11 23:56:56'),
(1161, 1, 1, '', 'update_event', '{"id":1,"name":"Christmas Party 2018","status":1,"user_created":1,"user_deleted":0,"remember_token":null,"date":"2018-11-29 00:00:00","place":"The Vancouver Club - 915 W Hastings St, Vancouver, BC V6C 1C6"}', '', 0, 0, '0000-00-00 00:00:00', '2018-11-12 00:02:20', '2018-11-12 00:02:20'),
(1171, 1, 1, '', 'create_guests_history', '{"id":241,"status_id":3,"guest_id":141,"user_created":1}', '', 0, 0, '0000-00-00 00:00:00', '2018-11-12 00:33:33', '2018-11-12 00:33:33'),
(1181, 1, 1, '', 'create_guests_history', '{"id":251,"status_id":1,"guest_id":171,"user_created":1}', '', 0, 0, '0000-00-00 00:00:00', '2018-11-12 00:44:36', '2018-11-12 00:44:36'),
(1191, 1, 1, '', 'create_guest', '{"id":171,"name":"stanley","event_id":"1","email":"stanleygomesdasilva@gmail.com","user_created":1,"token":"090fdaff747c9b1f61ed8ec7fbc2e3ad","status":1,"guest_id":171,"status_id":1,"event_name":"Christmas Party 2018","event_date":{"date":"2018-11-29 00:0', '', 0, 0, '0000-00-00 00:00:00', '2018-11-12 00:44:55', '2018-11-12 00:44:55'),
(1201, 1, 1, '', 'create_guests_history', '{"id":261,"status_id":2,"guest_id":171,"user_created":1}', '', 0, 0, '0000-00-00 00:00:00', '2018-11-12 00:45:59', '2018-11-12 00:45:59'),
(1211, 1, 1, '', 'delete_guest', '{"id":161,"name":"Stanley","email":"stanleygomesdasilva@gmail.com","user_created":1,"user_deleted":0,"remember_token":null,"status":2,"event_id":1,"token":"b1588d90e9a40a51a8535df40e1197b4"}', '', 0, 0, '0000-00-00 00:00:00', '2018-11-12 01:16:32', '2018-11-12 01:16:32'),
(1221, 1, 1, '', 'delete_guest', '{"id":151,"name":"stanley","email":"stanleygomesdasilva@gmail.com","user_created":1,"user_deleted":0,"remember_token":null,"status":2,"event_id":1,"token":"f2fcacbdb5fc937294079a178237480e"}', '', 0, 0, '0000-00-00 00:00:00', '2018-11-12 01:16:40', '2018-11-12 01:16:40'),
(1231, 1, 1, '', 'delete_guest', '{"id":131,"name":"stanley","email":"stanleygomesdasilva@gmail.com","user_created":1,"user_deleted":0,"remember_token":null,"status":2,"event_id":1,"token":"959bf93837b417679b68dc2f29af058e"}', '', 0, 0, '0000-00-00 00:00:00', '2018-11-12 01:16:49', '2018-11-12 01:16:49'),
(1241, 1, 1, '', 'delete_guest', '{"id":121,"name":"stanley","email":"stanleygomesdasilva@gmail.com","user_created":1,"user_deleted":0,"remember_token":null,"status":2,"event_id":1,"token":"a1b51e0c69ebb858dafb55a4a944b8ca"}', '', 0, 0, '0000-00-00 00:00:00', '2018-11-12 01:16:57', '2018-11-12 01:16:57'),
(1251, 1, 1, '', 'delete_guest', '{"id":111,"name":"stanley","email":"stanleygomesdasilva@gmail.com","user_created":1,"user_deleted":0,"remember_token":null,"status":2,"event_id":1,"token":"bb9e0be85f9da119d5dae4380741e4ac"}', '', 0, 0, '0000-00-00 00:00:00', '2018-11-12 01:17:05', '2018-11-12 01:17:05'),
(1261, 1, 1, '', 'delete_guest', '{"id":101,"name":"stanley","email":"stanleygomesdasilva@gmail.com","user_created":1,"user_deleted":0,"remember_token":null,"status":2,"event_id":1,"token":"c7ca270677318cc747bfbf5e3e9cfda4"}', '', 0, 0, '0000-00-00 00:00:00', '2018-11-12 01:17:13', '2018-11-12 01:17:13'),
(1271, 1, 1, '', 'login', '{"id":1,"name":"Stanley","zipcode":"","street":"","number":"","complement":"","district":"","city":"","state":"","phone":"","sex":"","type":1,"status":1,"email":"stanleygomesdasilva@gmail.com","user_created":1}', '', 0, 0, '0000-00-00 00:00:00', '2018-11-12 09:19:23', '2018-11-12 09:19:23'),
(1281, 1, 1, '', 'login', '{"id":1,"name":"Stanley","zipcode":"","street":"","number":"","complement":"","district":"","city":"","state":"","phone":"","sex":"","type":1,"status":1,"email":"stanleygomesdasilva@gmail.com","user_created":1}', '', 0, 0, '0000-00-00 00:00:00', '2018-11-12 09:20:33', '2018-11-12 09:20:33'),
(1291, 1, 1, '', 'create_guests_history', '{"id":271,"status_id":1,"guest_id":181,"user_created":1}', '', 0, 0, '0000-00-00 00:00:00', '2018-11-12 09:20:50', '2018-11-12 09:20:50'),
(1301, 1, 1, '', 'create_guest', '{"id":181,"name":"stanley","event_id":"1","email":"stanleygomesdasilva@gmail.com","user_created":1,"token":"a4a984290106c846782b7d407c216952","status":1,"guest_id":181,"status_id":1,"event_name":"Christmas Party 2018","event_date":{"date":"2018-11-29 00:0', '', 0, 0, '0000-00-00 00:00:00', '2018-11-12 09:20:50', '2018-11-12 09:20:50'),
(1311, 1, 1, '', 'delete_guest', '{"id":171,"name":"stanley","email":"stanleygomesdasilva@gmail.com","user_created":1,"user_deleted":0,"remember_token":null,"status":2,"event_id":1,"token":"090fdaff747c9b1f61ed8ec7fbc2e3ad"}', '', 0, 0, '0000-00-00 00:00:00', '2018-11-12 09:21:03', '2018-11-12 09:21:03'),
(1321, 1, 1, '', 'delete_guest', '{"id":141,"name":"Testes","email":"stanleygomesdasilva@gmail.com","user_created":1,"user_deleted":0,"remember_token":null,"status":2,"event_id":1,"token":"1edea8d6a554ede827b1322e517a694a"}', '', 0, 0, '0000-00-00 00:00:00', '2018-11-12 09:21:04', '2018-11-12 09:21:04'),
(1331, 1, 1, '', 'delete_guest', '{"id":31,"name":"stanley","email":"stanleygomesdasilva@gmail.com","user_created":1,"user_deleted":0,"remember_token":null,"status":2,"event_id":1,"token":""}', '', 0, 0, '0000-00-00 00:00:00', '2018-11-12 09:21:04', '2018-11-12 09:21:04'),
(1341, 1, 1, '', 'delete_guest', '{"id":11,"name":"TESTES2","email":"teste@teste.com","user_created":1,"user_deleted":0,"remember_token":null,"status":2,"event_id":1,"token":""}', '', 0, 0, '0000-00-00 00:00:00', '2018-11-12 09:21:05', '2018-11-12 09:21:05'),
(1351, 1, 1, '', 'login', '{"id":1,"name":"Stanley","zipcode":"","street":"","number":"","complement":"","district":"","city":"","state":"","phone":"","sex":"","type":1,"status":1,"email":"stanleygomesdasilva@gmail.com","user_created":1}', '', 0, 0, '0000-00-00 00:00:00', '2018-11-12 09:22:57', '2018-11-12 09:22:57'),
(1361, 1, 1, '', 'create_guests_history', '{"id":281,"status_id":2,"guest_id":181,"user_created":1}', '', 0, 0, '0000-00-00 00:00:00', '2018-11-12 09:23:08', '2018-11-12 09:23:08'),
(1371, 1, 1, '', 'create_guests_history', '{"id":291,"status_id":3,"guest_id":181,"user_created":1}', '', 0, 0, '0000-00-00 00:00:00', '2018-11-12 09:23:25', '2018-11-12 09:23:25'),
(1381, 1, 1, '', 'delete_guest', '{"id":1,"name":"teste","email":"teste@teste.com","user_created":1,"user_deleted":0,"remember_token":null,"status":2,"event_id":1,"token":""}', '', 0, 0, '0000-00-00 00:00:00', '2018-11-12 09:26:26', '2018-11-12 09:26:26'),
(1391, 1, 1, '', 'login', '{"id":1,"name":"Stanley","zipcode":"","street":"","number":"","complement":"","district":"","city":"","state":"","phone":"","sex":"","type":1,"status":1,"email":"stanleygomesdasilva@gmail.com","user_created":1}', '', 0, 0, '0000-00-00 00:00:00', '2018-11-12 10:49:14', '2018-11-12 10:49:14'),
(1401, 1, 1, '', 'create_guests_history', '{"id":301,"status_id":1,"guest_id":191,"user_created":1}', '', 0, 0, '0000-00-00 00:00:00', '2018-11-12 10:49:38', '2018-11-12 10:49:38'),
(1411, 1, 1, '', 'create_guest', '{"id":191,"name":"Pablo Alves","event_id":"1","email":"pabloalves@softbox.com.br","user_created":1,"token":"dc348f4f8ee0477a48101da1147f9f1e","status":1,"guest_id":191,"status_id":1,"event_name":"Christmas Party 2018","event_date":{"date":"2018-11-29 00:0', '', 0, 0, '0000-00-00 00:00:00', '2018-11-12 10:49:39', '2018-11-12 10:49:39'),
(1421, 1, 1, '', 'create_guests_history', '{"id":311,"status_id":1,"guest_id":201,"user_created":1}', '', 0, 0, '0000-00-00 00:00:00', '2018-11-12 10:49:48', '2018-11-12 10:49:48'),
(1431, 1, 1, '', 'create_guest', '{"id":201,"name":"Thiago Cantuario","event_id":"1","email":"thiagocantuario@softbox.com.br","user_created":1,"token":"0305c9f4e5e930515496f6951ddd298b","status":1,"guest_id":201,"status_id":1,"event_name":"Christmas Party 2018","event_date":{"date":"2018-', '', 0, 0, '0000-00-00 00:00:00', '2018-11-12 10:49:49', '2018-11-12 10:49:49'),
(1441, 1, 1, '', 'create_guests_history', '{"id":341,"status_id":1,"guest_id":211,"user_created":1}', '', 0, 0, '0000-00-00 00:00:00', '2018-11-12 10:51:25', '2018-11-12 10:51:25'),
(1451, 1, 1, '', 'create_guest', '{"id":211,"name":"Stanley Gomes","event_id":"1","email":"stanleygomes@softbox.com.br","user_created":1,"token":"ee2ea56dd00dc6ddeb02b3a1a64606f2","status":1,"guest_id":211,"status_id":1,"event_name":"Christmas Party 2018","event_date":{"date":"2018-11-29 ', '', 0, 0, '0000-00-00 00:00:00', '2018-11-12 10:51:26', '2018-11-12 10:51:26'),
(1461, 1, 1, '', 'create_guests_history', '{"id":351,"status_id":2,"guest_id":211,"user_created":1}', '', 0, 0, '0000-00-00 00:00:00', '2018-11-12 10:51:37', '2018-11-12 10:51:37'),
(1471, 1, 1, '', 'create_guests_history', '{"id":381,"status_id":3,"guest_id":211,"user_created":1}', '', 0, 0, '0000-00-00 00:00:00', '2018-11-12 10:52:02', '2018-11-12 10:52:02'),
(1481, 1, 1, '', 'create_guests_history', '{"id":411,"status_id":2,"guest_id":191,"user_created":1}', '', 0, 0, '0000-00-00 00:00:00', '2018-11-12 10:55:27', '2018-11-12 10:55:27'),
(1491, 1, 1, '', 'login', '{"id":1,"name":"Stanley","zipcode":"","street":"","number":"","complement":"","district":"","city":"","state":"","phone":"","sex":"","type":1,"status":1,"email":"stanleygomesdasilva@gmail.com","user_created":1}', '', 0, 0, '0000-00-00 00:00:00', '2018-11-12 11:49:15', '2018-11-12 11:49:15'),
(1501, 1, 1, '', 'create_guests_history', '{"id":441,"status_id":1,"guest_id":221,"user_created":1}', '', 0, 0, '0000-00-00 00:00:00', '2018-11-12 11:50:25', '2018-11-12 11:50:25'),
(1511, 1, 1, '', 'create_guest', '{"id":221,"name":"Delfino","event_id":"1","email":"leonardodelfino@gmail.com","user_created":1,"token":"da5d47e6fffb489e499d4e239778325a","status":1,"guest_id":221,"status_id":1,"event_name":"Christmas Party 2018","event_date":{"date":"2018-11-29 00:00:00', '', 0, 0, '0000-00-00 00:00:00', '2018-11-12 11:50:25', '2018-11-12 11:50:25'),
(1521, 1, 0, '', 'create_guests_history', '{"id":451,"status_id":2,"guest_id":221,"user_created":1}', '', 0, 0, '0000-00-00 00:00:00', '2018-11-12 11:51:48', '2018-11-12 11:51:48'),
(1531, 1, 0, '', 'create_guests_history', '{"id":461,"status_id":3,"guest_id":221,"user_created":1}', '', 0, 0, '0000-00-00 00:00:00', '2018-11-12 11:52:43', '2018-11-12 11:52:43'),
(1541, 1, 1, '', 'login', '{"id":1,"name":"Stanley","zipcode":"","street":"","number":"","complement":"","district":"","city":"","state":"","phone":"","sex":"","type":1,"status":1,"email":"stanleygomesdasilva@gmail.com","user_created":1}', '', 0, 0, '0000-00-00 00:00:00', '2018-11-12 18:47:54', '2018-11-12 18:47:54'),
(1551, 1, 1, '', 'delete_guest', '{"id":221,"name":"Delfino","email":"leonardodelfino@gmail.com","user_created":1,"user_deleted":0,"remember_token":null,"status":2,"event_id":1,"token":"da5d47e6fffb489e499d4e239778325a"}', '', 0, 0, '0000-00-00 00:00:00', '2018-11-12 18:48:00', '2018-11-12 18:48:00'),
(1561, 1, 1, '', 'delete_guest', '{"id":191,"name":"Pablo Alves","email":"pabloalves@softbox.com.br","user_created":1,"user_deleted":0,"remember_token":null,"status":2,"event_id":1,"token":"dc348f4f8ee0477a48101da1147f9f1e"}', '', 0, 0, '0000-00-00 00:00:00', '2018-11-12 18:48:00', '2018-11-12 18:48:00'),
(1571, 1, 1, '', 'delete_guest', '{"id":211,"name":"Stanley Gomes","email":"stanleygomes@softbox.com.br","user_created":1,"user_deleted":0,"remember_token":null,"status":2,"event_id":1,"token":"ee2ea56dd00dc6ddeb02b3a1a64606f2"}', '', 0, 0, '0000-00-00 00:00:00', '2018-11-12 18:48:01', '2018-11-12 18:48:01'),
(1581, 1, 1, '', 'delete_guest', '{"id":201,"name":"Thiago Cantuario","email":"thiagocantuario@softbox.com.br","user_created":1,"user_deleted":0,"remember_token":null,"status":2,"event_id":1,"token":"0305c9f4e5e930515496f6951ddd298b"}', '', 0, 0, '0000-00-00 00:00:00', '2018-11-12 18:48:02', '2018-11-12 18:48:02'),
(1591, 1, 1, '', 'delete_guest', '{"id":181,"name":"stanley","email":"stanleygomesdasilva@gmail.com","user_created":1,"user_deleted":0,"remember_token":null,"status":2,"event_id":1,"token":"a4a984290106c846782b7d407c216952"}', '', 0, 0, '0000-00-00 00:00:00', '2018-11-12 18:48:03', '2018-11-12 18:48:03'),
(1601, 1, 1, '', 'login', '{"id":1,"name":"Stanley","zipcode":"","street":"","number":"","complement":"","district":"","city":"","state":"","phone":"","sex":"","type":1,"status":1,"email":"stanleygomesdasilva@gmail.com","user_created":1}', '', 0, 0, '0000-00-00 00:00:00', '2018-11-12 18:54:59', '2018-11-12 18:54:59'),
(1611, 1, 1, '', 'login', '{"id":1,"name":"Stanley","zipcode":"","street":"","number":"","complement":"","district":"","city":"","state":"","phone":"","sex":"","type":1,"status":1,"email":"stanleygomesdasilva@gmail.com","user_created":1}', '', 0, 0, '0000-00-00 00:00:00', '2018-11-12 18:55:56', '2018-11-12 18:55:56'),
(1621, 1, 1, '', 'create_guests_history', '{"id":471,"status_id":1,"guest_id":231,"user_created":1}', '', 0, 0, '0000-00-00 00:00:00', '2018-11-12 18:56:07', '2018-11-12 18:56:07'),
(1631, 1, 1, '', 'create_guest', '{"id":231,"name":"stanley","event_id":"1","email":"stanleygomesdasilva@gmail.com","user_created":1,"token":"b721912b22b980c77e9ab1278781b75e","status":1,"guest_id":231,"status_id":1,"event_name":"Christmas Party 2018","event_date":{"date":"2018-11-29 00:0', '', 0, 0, '0000-00-00 00:00:00', '2018-11-12 18:56:08', '2018-11-12 18:56:08'),
(1641, 1, 1, '', 'create_guests_history', '{"id":481,"status_id":2,"guest_id":231,"user_created":1}', '', 0, 0, '0000-00-00 00:00:00', '2018-11-12 18:57:50', '2018-11-12 18:57:50'),
(1651, 1, 1, '', 'create_guests_history', '{"id":491,"status_id":3,"guest_id":231,"user_created":1}', '', 0, 0, '0000-00-00 00:00:00', '2018-11-12 18:58:03', '2018-11-12 18:58:03'),
(1661, 1, 1, '', 'delete_guest', '{"id":231,"name":"stanley","email":"stanleygomesdasilva@gmail.com","user_created":1,"user_deleted":0,"remember_token":null,"status":2,"event_id":1,"token":"b721912b22b980c77e9ab1278781b75e"}', '', 0, 0, '0000-00-00 00:00:00', '2018-11-12 18:58:18', '2018-11-12 18:58:18'),
(1671, 1, 1, '', 'update_user', '{"id":31,"name":"Silvestre","zipcode":"","street":"","number":"","complement":"","district":"","city":"","state":"","phone":"","sex":"","type":1,"status":2,"email":"silvestresilva@softbox.com.br","user_created":0}', '', 0, 0, '0000-00-00 00:00:00', '2018-11-12 18:58:27', '2018-11-12 18:58:27'),
(1681, 1, 1, '', 'update_user', '{"id":41,"name":"stanley 2","zipcode":"","street":"","number":"","complement":"","district":"","city":"","state":"","phone":"","sex":"","type":1,"status":2,"email":"stanleygomesdasilva@outlook.com","user_created":0}', '', 0, 0, '0000-00-00 00:00:00', '2018-11-12 18:58:29', '2018-11-12 18:58:29'),
(1691, 1, 1, '', 'update_user', '{"id":21,"name":"Thiago ","zipcode":"","street":"","number":"","complement":"","district":"","city":"","state":"","phone":"","sex":"","type":1,"status":2,"email":"thiagocantuario@softbox.com.br","user_created":0}', '', 0, 0, '0000-00-00 00:00:00', '2018-11-12 18:58:30', '2018-11-12 18:58:30'),
(1701, 1, 1, '', 'create_user', '{"id":51,"name":"Justin","email":"jvandevelde@hevvypumps.com","status":1,"type":"1"}', '', 0, 0, '0000-00-00 00:00:00', '2018-11-12 18:59:41', '2018-11-12 18:59:41'),
(1711, 1, 51, '', 'login', '{"id":51,"name":"Justin","zipcode":"","street":"","number":"","complement":"","district":"","city":"","state":"","phone":"","sex":"","type":1,"status":1,"email":"jvandevelde@hevvypumps.com","user_created":0}', '', 0, 0, '0000-00-00 00:00:00', '2018-11-12 19:08:54', '2018-11-12 19:08:54'),
(1721, 1, 1, '', 'login', '{"id":1,"name":"Stanley","zipcode":"","street":"","number":"","complement":"","district":"","city":"","state":"","phone":"","sex":"","type":1,"status":1,"email":"stanleygomesdasilva@gmail.com","user_created":1}', '', 0, 0, '0000-00-00 00:00:00', '2018-11-12 19:53:58', '2018-11-12 19:53:58'),
(1731, 1, 1, '', 'login', '{"id":1,"name":"Stanley","zipcode":"","street":"","number":"","complement":"","district":"","city":"","state":"","phone":"","sex":"","type":1,"status":1,"email":"stanleygomesdasilva@gmail.com","user_created":1}', '', 0, 0, '0000-00-00 00:00:00', '2018-11-12 20:08:14', '2018-11-12 20:08:14'),
(1741, 1, 1, '', 'create_guests_history', '{"id":501,"status_id":1,"guest_id":241,"user_created":1}', '', 0, 0, '0000-00-00 00:00:00', '2018-11-12 20:22:54', '2018-11-12 20:22:54'),
(1751, 1, 1, '', 'create_guest', '{"id":241,"name":"Justin","event_id":"1","email":"stanley@ufu.br","user_created":1,"token":"79b49b392428e5b490f7e016673216fe","status":1,"guest_id":241,"status_id":1,"event_name":"Christmas Party 2018","event_date":{"date":"2018-11-29 00:00:00.000000","ti', '', 0, 0, '0000-00-00 00:00:00', '2018-11-12 20:22:55', '2018-11-12 20:22:55'),
(1761, 1, 1, '', 'create_guests_history', '{"id":511,"status_id":2,"guest_id":241,"user_created":1}', '', 0, 0, '0000-00-00 00:00:00', '2018-11-12 20:23:12', '2018-11-12 20:23:12'),
(1771, 1, 1, '', 'delete_guest', '{"id":241,"name":"Justin","email":"stanley@ufu.br","user_created":1,"user_deleted":0,"remember_token":null,"status":2,"event_id":1,"token":"79b49b392428e5b490f7e016673216fe"}', '', 0, 0, '0000-00-00 00:00:00', '2018-11-12 20:23:31', '2018-11-12 20:23:31'),
(1781, 1, 1, '', 'create_guests_history', '{"id":521,"status_id":1,"guest_id":251,"user_created":1}', '', 0, 0, '0000-00-00 00:00:00', '2018-11-12 20:24:05', '2018-11-12 20:24:05'),
(1791, 1, 1, '', 'create_guest', '{"id":251,"name":"Justin Van-de-Velde","event_id":"1","email":"jvandevelde@hevvypumps.com","user_created":1,"token":"000d2ffb0a86f0bd3f6e450e1753ac36","status":1,"guest_id":251,"status_id":1,"event_name":"Christmas Party 2018","event_date":{"date":"2018-1', '', 0, 0, '0000-00-00 00:00:00', '2018-11-12 20:24:05', '2018-11-12 20:24:05'),
(1801, 1, 1, '', 'create_guests_history', '{"id":531,"status_id":1,"guest_id":261,"user_created":1}', '', 0, 0, '0000-00-00 00:00:00', '2018-11-12 20:24:30', '2018-11-12 20:24:30'),
(1811, 1, 1, '', 'create_guest', '{"id":261,"name":"Oswaldo Buitron","event_id":"1","email":"OBuitron@hevvypumps.com","user_created":1,"token":"339e3797c9d0e664dc132bb27af7b406","status":1,"guest_id":261,"status_id":1,"event_name":"Christmas Party 2018","event_date":{"date":"2018-11-29 00', '', 0, 0, '0000-00-00 00:00:00', '2018-11-12 20:24:31', '2018-11-12 20:24:31'),
(1821, 1, 0, '', 'create_guests_history', '{"id":541,"status_id":2,"guest_id":251,"user_created":1}', '', 0, 0, '0000-00-00 00:00:00', '2018-11-12 20:34:34', '2018-11-12 20:34:34'),
(1831, 1, 1, '', 'login', '{"id":1,"name":"Stanley","zipcode":"","street":"","number":"","complement":"","district":"","city":"","state":"","phone":"","sex":"","type":1,"status":1,"email":"stanleygomesdasilva@gmail.com","user_created":1}', '', 0, 0, '0000-00-00 00:00:00', '2018-11-12 22:35:19', '2018-11-12 22:35:19'),
(1841, 1, 0, '', 'create_guests_history', '{"id":551,"status_id":2,"guest_id":261,"user_created":1}', '', 0, 0, '0000-00-00 00:00:00', '2018-11-12 22:35:53', '2018-11-12 22:35:53'),
(1851, 1, 1, '', 'update_event', '{"id":1,"name":"Christmas Party 2018","status":1,"user_created":1,"user_deleted":0,"remember_token":null,"date":"2018-11-29 06:00:00","place":"The Vancouver Club - 915 W Hastings St, Vancouver, BC V6C 1C6"}', '', 0, 0, '0000-00-00 00:00:00', '2018-11-12 23:00:05', '2018-11-12 23:00:05'),
(1861, 1, 1, '', 'create_guests_history', '{"id":561,"status_id":1,"guest_id":271,"user_created":1}', '', 0, 0, '0000-00-00 00:00:00', '2018-11-12 23:06:07', '2018-11-12 23:06:07'),
(1871, 1, 1, '', 'create_guest', '{"id":271,"name":"stanley","event_id":"1","email":"stanleygomesdasilva@outlook.com","user_created":1,"token":"fbb77758542d1f6483f4b29c321a22a6","status":1,"guest_id":271,"status_id":1,"event_name":"Christmas Party 2018","event_date":{"date":"2018-11-29 06', '', 0, 0, '0000-00-00 00:00:00', '2018-11-12 23:06:29', '2018-11-12 23:06:29'),
(1881, 1, 1, '', 'create_guests_history', '{"id":571,"status_id":1,"guest_id":281,"user_created":1}', '', 0, 0, '0000-00-00 00:00:00', '2018-11-12 23:07:38', '2018-11-12 23:07:38'),
(1891, 1, 1, '', 'create_guest', '{"id":281,"name":"stanley","event_id":"1","email":"stanleygomesdasilva@gmail.com","user_created":1,"token":"a3344cc4665361622516f9b314a8f676","status":1,"guest_id":281,"status_id":1,"event_name":"Christmas Party 2018","event_date":{"date":"2018-11-29 06:0', '', 0, 0, '0000-00-00 00:00:00', '2018-11-12 23:07:53', '2018-11-12 23:07:53'),
(1901, 1, 1, '', 'create_guests_history', '{"id":581,"status_id":2,"guest_id":281,"user_created":1}', '', 0, 0, '0000-00-00 00:00:00', '2018-11-12 23:08:37', '2018-11-12 23:08:37'),
(1911, 1, 1, '', 'create_guests_history', '{"id":591,"status_id":3,"guest_id":281,"user_created":1}', '', 0, 0, '0000-00-00 00:00:00', '2018-11-12 23:24:28', '2018-11-12 23:24:28');
INSERT INTO `logs` (`id`, `status`, `user_id`, `token`, `action`, `data`, `ip`, `user_created`, `user_deleted`, `deleted_at`, `created_at`, `updated_at`) VALUES
(1921, 1, 1, '', 'update_event', '{"id":1,"name":"Christmas Party 2018","status":1,"user_created":1,"user_deleted":0,"remember_token":null,"date":"2018-11-29 18:00:00","place":"The Vancouver Club - 915 W Hastings St, Vancouver, BC V6C 1C6"}', '', 0, 0, '0000-00-00 00:00:00', '2018-11-12 23:25:18', '2018-11-12 23:25:18'),
(1931, 1, 1, '', 'delete_guest', '{"id":271,"name":"stanley","email":"stanleygomesdasilva@outlook.com","user_created":1,"user_deleted":0,"remember_token":null,"status":2,"event_id":1,"token":"fbb77758542d1f6483f4b29c321a22a6"}', '', 0, 0, '0000-00-00 00:00:00', '2018-11-12 23:26:10', '2018-11-12 23:26:10'),
(1941, 1, 1, '', 'login', '{"id":1,"name":"Stanley","zipcode":"","street":"","number":"","complement":"","district":"","city":"","state":"","phone":"","sex":"","type":1,"status":1,"email":"stanleygomesdasilva@gmail.com","user_created":1}', '', 0, 0, '0000-00-00 00:00:00', '2018-11-13 01:48:41', '2018-11-13 01:48:41'),
(1951, 1, 1, '', 'delete_guest', '{"id":281,"name":"stanley","email":"stanleygomesdasilva@gmail.com","user_created":1,"user_deleted":0,"remember_token":null,"status":2,"event_id":1,"token":"a3344cc4665361622516f9b314a8f676"}', '', 0, 0, '0000-00-00 00:00:00', '2018-11-13 01:48:55', '2018-11-13 01:48:55'),
(1961, 1, 1, '', 'logout', '', '', 0, 0, '0000-00-00 00:00:00', '2018-11-13 01:49:04', '2018-11-13 01:49:04'),
(1971, 1, 1, '', 'login', '{"id":1,"name":"Stanley","zipcode":"","street":"","number":"","complement":"","district":"","city":"","state":"","phone":"","sex":"","type":1,"status":1,"email":"stanleygomesdasilva@gmail.com","user_created":1}', '', 0, 0, '0000-00-00 00:00:00', '2018-11-13 01:49:34', '2018-11-13 01:49:34'),
(1981, 1, 1, '', 'create_guests_history', '{"id":601,"status_id":1,"guest_id":291,"user_created":1}', '', 0, 0, '0000-00-00 00:00:00', '2018-11-13 01:49:51', '2018-11-13 01:49:51'),
(1991, 1, 1, '', 'create_guest', '{"id":291,"name":"Stanley Gomes","event_id":"1","email":"stanleygomesdasilva@gmail.com","user_created":1,"token":"a290a4affbc10d47b3ce1575aca4879e","status":1,"guest_id":291,"status_id":1,"event_name":"Christmas Party 2018","event_date":{"date":"2018-11-2', '', 0, 0, '0000-00-00 00:00:00', '2018-11-13 01:49:52', '2018-11-13 01:49:52'),
(2001, 1, 1, '', 'create_guests_history', '{"id":611,"status_id":2,"guest_id":291,"user_created":1}', '', 0, 0, '0000-00-00 00:00:00', '2018-11-13 01:50:16', '2018-11-13 01:50:16'),
(2011, 1, 1, '', 'create_guests_history', '{"id":621,"status_id":3,"guest_id":291,"user_created":1}', '', 0, 0, '0000-00-00 00:00:00', '2018-11-13 01:50:37', '2018-11-13 01:50:37'),
(2021, 1, 1, '', 'login', '{"id":1,"name":"Stanley","zipcode":"","street":"","number":"","complement":"","district":"","city":"","state":"","phone":"","sex":"","type":1,"status":1,"email":"stanleygomesdasilva@gmail.com","user_created":1}', '', 0, 0, '0000-00-00 00:00:00', '2018-11-13 09:29:44', '2018-11-13 09:29:44'),
(2031, 1, 1, '', 'login', '{"id":1,"name":"Stanley","zipcode":"","street":"","number":"","complement":"","district":"","city":"","state":"","phone":"","sex":"","type":1,"status":1,"email":"stanleygomesdasilva@gmail.com","user_created":1}', '', 0, 0, '0000-00-00 00:00:00', '2018-11-13 11:15:02', '2018-11-13 11:15:02'),
(2041, 1, 1, '', 'create_guests_history', '{"id":631,"status_id":1,"guest_id":301,"user_created":1}', '', 0, 0, '0000-00-00 00:00:00', '2018-11-13 11:15:08', '2018-11-13 11:15:08'),
(2051, 1, 1, '', 'create_guest', '{"id":301,"name":"stanley","event_id":"1","email":"stanleygomes@softbox.com.br","user_created":1,"token":"e0403b4c2b985b9d88684f1924ac250f","status":1,"guest_id":301,"status_id":1,"event_name":"Christmas Party 2018","event_date":{"date":"2018-11-29 18:00:', '', 0, 0, '0000-00-00 00:00:00', '2018-11-13 11:15:09', '2018-11-13 11:15:09'),
(2061, 1, 1, '', 'create_guests_history', '{"id":641,"status_id":2,"guest_id":301,"user_created":1}', '', 0, 0, '0000-00-00 00:00:00', '2018-11-13 11:15:20', '2018-11-13 11:15:20'),
(2071, 1, 1, '', 'login', '{"id":1,"name":"Stanley","zipcode":"","street":"","number":"","complement":"","district":"","city":"","state":"","phone":"","sex":"","type":1,"status":1,"email":"stanleygomesdasilva@gmail.com","user_created":1}', '', 0, 0, '0000-00-00 00:00:00', '2018-11-14 21:15:56', '2018-11-14 21:15:56'),
(2081, 1, 1, '', 'create_guests_history', '{"id":651,"status_id":1,"guest_id":311,"user_created":1}', '', 0, 0, '0000-00-00 00:00:00', '2018-11-14 21:17:05', '2018-11-14 21:17:05'),
(2091, 1, 1, '', 'error_send_email.guest-invite', 'DADOS: b4b4affe1339f2e2aa447f94032008f1, jvandevelde@hevvypumps.com, Justin from Hevvy Pumps, stanley, stanleygomesdasilva@gmail.com, Christmas Party 2018, 2018-11-29 18:00:00, The Vancouver Club - 915 W Hastings St, Vancouver, BC V6C 1C6, ', '', 0, 0, '0000-00-00 00:00:00', '2018-11-14 21:17:09', '2018-11-14 21:17:09'),
(2101, 1, 1, '', 'create_guest', '{"id":311,"name":"stanley","event_id":"1","email":"stanleygomesdasilva@gmail.com","user_created":1,"token":"b4b4affe1339f2e2aa447f94032008f1","status":1,"guest_id":311,"status_id":1,"event_name":"Christmas Party 2018","event_date":{"date":"2018-11-29 18:0', '', 0, 0, '0000-00-00 00:00:00', '2018-11-14 21:17:11', '2018-11-14 21:17:11'),
(2111, 1, 1, '', 'create_guests_history', '{"id":661,"status_id":1,"guest_id":321,"user_created":1}', '', 0, 0, '0000-00-00 00:00:00', '2018-11-14 21:18:40', '2018-11-14 21:18:40'),
(2121, 1, 1, '', 'create_guests_history', '{"id":671,"status_id":1,"guest_id":331,"user_created":1}', '', 0, 0, '0000-00-00 00:00:00', '2018-11-14 21:27:13', '2018-11-14 21:27:13'),
(2131, 1, 1, '', 'create_guest', '{"id":331,"name":"stanley","event_id":"1","email":"stanleygomesdasilva@gmail.com","user_created":1,"token":"27eb64796fc0036543a1f23b52fc7ca8","status":1,"guest_id":331,"status_id":1,"event_name":"Christmas Party 2018","event_date":{"date":"2018-11-29 18:0', '', 0, 0, '0000-00-00 00:00:00', '2018-11-14 21:27:25', '2018-11-14 21:27:25'),
(2141, 1, 1, '', 'login', '{"id":1,"name":"Stanley","zipcode":"","street":"","number":"","complement":"","district":"","city":"","state":"","phone":"","sex":"","type":1,"status":1,"email":"stanleygomesdasilva@gmail.com","user_created":1}', '', 0, 0, '0000-00-00 00:00:00', '2018-11-15 17:30:26', '2018-11-15 17:30:26'),
(2151, 1, 1, '', 'create_guests_history', '{"id":681,"status_id":1,"guest_id":341,"user_created":1}', '', 0, 0, '0000-00-00 00:00:00', '2018-11-15 17:33:25', '2018-11-15 17:33:25'),
(2161, 1, 1, '', 'create_guest', '{"id":341,"name":"stanley","event_id":"1","email":"stanleygomesdasilva@gmail.com","user_created":1,"token":"7ed0b94994cf77e7745a25f3585265a0","status":1,"guest_id":341,"status_id":1,"event_name":"Christmas Party 2018","event_date":{"date":"2018-11-29 18:0', '', 0, 0, '0000-00-00 00:00:00', '2018-11-15 17:33:30', '2018-11-15 17:33:30'),
(2171, 1, 1, '', 'create_guests_history', '{"id":691,"status_id":2,"guest_id":341,"user_created":1}', '', 0, 0, '0000-00-00 00:00:00', '2018-11-15 17:34:03', '2018-11-15 17:34:03'),
(2181, 1, 1, '', 'create_guests_history', '{"id":701,"status_id":1,"guest_id":351,"user_created":1}', '', 0, 0, '0000-00-00 00:00:00', '2018-11-15 17:42:03', '2018-11-15 17:42:03'),
(2191, 1, 1, '', 'create_guest', '{"id":351,"name":"stanley","event_id":"1","email":"stanleygomesdasilva@gmail.com","user_created":1,"token":"df9ce23fc609bdde82a8485f1b7cc202","status":1,"guest_id":351,"status_id":1,"event_name":"Christmas Party 2018","event_date":{"date":"2018-11-29 18:0', '', 0, 0, '0000-00-00 00:00:00', '2018-11-15 17:42:10', '2018-11-15 17:42:10'),
(2201, 1, 1, '', 'update_event', '{"id":1,"name":"A Very Hevvy Christmas Party 2018","status":1,"user_created":1,"user_deleted":0,"remember_token":null,"date":"2018-11-29 18:00:00","place":"The Vancouver Club - 915 W Hastings St, Vancouver, BC V6C 1C6"}', '', 0, 0, '0000-00-00 00:00:00', '2018-11-15 17:42:46', '2018-11-15 17:42:46'),
(2211, 1, 1, '', 'login', '{"id":1,"name":"Stanley","zipcode":"","street":"","number":"","complement":"","district":"","city":"","state":"","phone":"","sex":"","type":1,"status":1,"email":"stanleygomesdasilva@gmail.com","user_created":1}', '', 0, 0, '0000-00-00 00:00:00', '2018-11-15 23:46:17', '2018-11-15 23:46:17'),
(2221, 1, 1, '', 'create_guests_history', '{"id":711,"status_id":1,"guest_id":361,"user_created":1}', '', 0, 0, '0000-00-00 00:00:00', '2018-11-15 23:46:38', '2018-11-15 23:46:38'),
(2231, 1, 1, '', 'create_guest', '{"id":361,"name":"stanley","event_id":"1","email":"stanleygomesdasilva@gmail.com","user_created":1,"token":"9d5087daeeb3c9def3657a6cb4f0686c","status":1,"guest_id":361,"status_id":1,"event_name":"A Very Hevvy Christmas Party 2018","event_date":{"date":"20', '', 0, 0, '0000-00-00 00:00:00', '2018-11-15 23:46:47', '2018-11-15 23:46:47'),
(2241, 1, 1, '', 'create_guests_history', '{"id":721,"status_id":1,"guest_id":371,"user_created":1}', '', 0, 0, '0000-00-00 00:00:00', '2018-11-15 23:47:49', '2018-11-15 23:47:49'),
(2251, 1, 1, '', 'create_guest', '{"id":371,"name":"stanley","event_id":"1","email":"stanleygomesdasilva@gmail.com","user_created":1,"token":"1b82ca40f2c1a42b97825ee8108ba9c8","status":1,"guest_id":371,"status_id":1,"event_name":"A Very Hevvy Christmas Party 2018","event_date":{"date":"20', '', 0, 0, '0000-00-00 00:00:00', '2018-11-15 23:47:56', '2018-11-15 23:47:56'),
(2261, 1, 1, '', 'create_guests_history', '{"id":731,"status_id":2,"guest_id":371,"user_created":1}', '', 0, 0, '0000-00-00 00:00:00', '2018-11-15 23:49:09', '2018-11-15 23:49:09'),
(2271, 1, 1, '', 'login', '{"id":1,"name":"Stanley","zipcode":"","street":"","number":"","complement":"","district":"","city":"","state":"","phone":"","sex":"","type":1,"status":1,"email":"stanleygomesdasilva@gmail.com","user_created":1}', '', 0, 0, '0000-00-00 00:00:00', '2018-11-16 20:45:52', '2018-11-16 20:45:52'),
(2281, 1, 1, '', 'create_guests_history', '{"id":741,"status_id":1,"guest_id":381,"user_created":1}', '', 0, 0, '0000-00-00 00:00:00', '2018-11-16 20:53:33', '2018-11-16 20:53:33'),
(2291, 1, 1, '', 'create_guest', '{"id":381,"name":"stanley","event_id":"1","email":"stanleygomesdasilva@gmail.com","user_created":1,"token":"953ec314f482f5d304ff7d12b7aa723d","status":1,"guest_id":381,"status_id":1,"event_name":"A Very Hevvy Christmas Party 2018","event_date":{"date":"20', '', 0, 0, '0000-00-00 00:00:00', '2018-11-16 20:53:42', '2018-11-16 20:53:42'),
(2301, 1, 1, '', 'create_guests_history', '{"id":751,"status_id":2,"guest_id":381,"user_created":1}', '', 0, 0, '0000-00-00 00:00:00', '2018-11-16 20:54:05', '2018-11-16 20:54:05'),
(2311, 1, 1, '', 'update_guest', '{"id":381,"name":"stanley","email":"stanleygomesdasilva@gmail.com","user_created":1,"user_deleted":0,"remember_token":null,"status":1,"event_id":1,"token":"953ec314f482f5d304ff7d12b7aa723d","companion":"0"}', '', 0, 0, '0000-00-00 00:00:00', '2018-11-16 21:27:20', '2018-11-16 21:27:20'),
(2321, 1, 1, '', 'create_guests_history', '{"id":761,"status_id":3,"guest_id":381,"user_created":1}', '', 0, 0, '0000-00-00 00:00:00', '2018-11-16 21:27:22', '2018-11-16 21:27:22'),
(2331, 1, 1, '', 'create_guests_history', '{"id":771,"status_id":1,"guest_id":391,"user_created":1}', '', 0, 0, '0000-00-00 00:00:00', '2018-11-16 21:28:17', '2018-11-16 21:28:17'),
(2341, 1, 1, '', 'create_guest', '{"id":391,"name":"stanley","event_id":"1","email":"stanleygomesdasilva@gmail.com","user_created":1,"token":"c37f4c0dfe9a3c53c2040e60518e725c","status":1,"guest_id":391,"status_id":1,"event_name":"A Very Hevvy Christmas Party 2018","event_date":{"date":"20', '', 0, 0, '0000-00-00 00:00:00', '2018-11-16 21:28:21', '2018-11-16 21:28:21'),
(2351, 1, 1, '', 'create_guests_history', '{"id":781,"status_id":2,"guest_id":391,"user_created":1}', '', 0, 0, '0000-00-00 00:00:00', '2018-11-16 21:28:48', '2018-11-16 21:28:48'),
(2361, 1, 1, '', 'update_guest', '{"id":391,"name":"stanley","email":"stanleygomesdasilva@gmail.com","user_created":1,"user_deleted":0,"remember_token":null,"status":1,"event_id":1,"token":"c37f4c0dfe9a3c53c2040e60518e725c","companion":"1"}', '', 0, 0, '0000-00-00 00:00:00', '2018-11-16 21:29:55', '2018-11-16 21:29:55'),
(2371, 1, 1, '', 'create_guests_history', '{"id":791,"status_id":3,"guest_id":391,"user_created":1}', '', 0, 0, '0000-00-00 00:00:00', '2018-11-16 21:29:56', '2018-11-16 21:29:56'),
(2381, 1, 1, '', 'login', '{"id":1,"name":"Stanley","zipcode":"","street":"","number":"","complement":"","district":"","city":"","state":"","phone":"","sex":"","type":1,"status":1,"email":"stanleygomesdasilva@gmail.com","user_created":1}', '', 0, 0, '0000-00-00 00:00:00', '2018-11-24 01:25:09', '2018-11-24 01:25:09'),
(2391, 1, 1, '', 'login', '{"id":1,"name":"Stanley","zipcode":"","street":"","number":"","complement":"","district":"","city":"","state":"","phone":"","sex":"","type":1,"status":1,"email":"stanleygomesdasilva@gmail.com","user_created":1}', '', 0, 0, '0000-00-00 00:00:00', '2019-11-08 14:33:30', '2019-11-08 14:33:30'),
(2401, 1, 1, '', 'create_guests_history', '{"id":801,"status_id":1,"guest_id":401,"user_created":1}', '', 0, 0, '0000-00-00 00:00:00', '2019-11-08 14:34:47', '2019-11-08 14:34:47'),
(2411, 1, 1, '', 'error_send_email.guest-invite', 'DADOS: 7693b75d435845d7dfc4ae92071c1e34, contato@agricaph.com.br, Justin from Hevvy Pumps, Marco Tulio, marcotuliomelo@softbox.com.br , A Very Hevvy Christmas Party 2018, 2018-11-29 18:00:00, The Vancouver Club - 915 W Hastings St, Vancouver, BC V6C 1C6, ', '', 0, 0, '0000-00-00 00:00:00', '2019-11-08 14:34:48', '2019-11-08 14:34:48'),
(2421, 1, 1, '', 'create_guest', '{"id":401,"name":"Marco Tulio","event_id":"1","email":"marcotuliomelo@softbox.com.br ","user_created":1,"token":"7693b75d435845d7dfc4ae92071c1e34","status":1,"guest_id":401,"status_id":1,"event_name":"A Very Hevvy Christmas Party 2018","event_date":{"date', '', 0, 0, '0000-00-00 00:00:00', '2019-11-08 14:34:48', '2019-11-08 14:34:48'),
(2431, 1, 1, '', 'create_guests_history', '{"id":811,"status_id":1,"guest_id":411,"user_created":1}', '', 0, 0, '0000-00-00 00:00:00', '2019-11-08 14:35:02', '2019-11-08 14:35:02'),
(2441, 1, 1, '', 'error_send_email.guest-invite', 'DADOS: 465ea4fc5c7b0cae52b9a8cdcbaa96e7, contato@agricaph.com.br, Justin from Hevvy Pumps, Wendreo Santos, wendreosantos@softbox.com.br , A Very Hevvy Christmas Party 2018, 2018-11-29 18:00:00, The Vancouver Club - 915 W Hastings St, Vancouver, BC V6C 1C6', '', 0, 0, '0000-00-00 00:00:00', '2019-11-08 14:35:03', '2019-11-08 14:35:03'),
(2451, 1, 1, '', 'create_guest', '{"id":411,"name":"Wendreo Santos","event_id":"1","email":"wendreosantos@softbox.com.br ","user_created":1,"token":"465ea4fc5c7b0cae52b9a8cdcbaa96e7","status":1,"guest_id":411,"status_id":1,"event_name":"A Very Hevvy Christmas Party 2018","event_date":{"da', '', 0, 0, '0000-00-00 00:00:00', '2019-11-08 14:35:03', '2019-11-08 14:35:03'),
(2461, 1, 1, '', 'login', '{"id":1,"name":"Stanley","zipcode":"","street":"","number":"","complement":"","district":"","city":"","state":"","phone":"","sex":"","type":1,"status":1,"email":"stanleygomesdasilva@gmail.com","user_created":1}', '', 0, 0, '0000-00-00 00:00:00', '2019-11-08 14:36:55', '2019-11-08 14:36:55'),
(2471, 1, 1, '', 'create_guests_history', '{"id":821,"status_id":1,"guest_id":421,"user_created":1}', '', 0, 0, '0000-00-00 00:00:00', '2019-11-08 14:38:23', '2019-11-08 14:38:23'),
(2481, 1, 1, '', 'error_send_email.guest-invite', 'DADOS: 51e67b6fe9af710c8897f639c5a118a1, contato@agricaph.com.br, Justin from Hevvy Pumps, Pablo, Baralu@Baralu.com, A Very Hevvy Christmas Party 2018, 2018-11-29 18:00:00, The Vancouver Club - 915 W Hastings St, Vancouver, BC V6C 1C6, ', '', 0, 0, '0000-00-00 00:00:00', '2019-11-08 14:38:23', '2019-11-08 14:38:23'),
(2491, 1, 1, '', 'create_guest', '{"id":421,"name":"Pablo","event_id":"1","email":"Baralu@Baralu.com","user_created":1,"token":"51e67b6fe9af710c8897f639c5a118a1","status":1,"guest_id":421,"status_id":1,"event_name":"A Very Hevvy Christmas Party 2018","event_date":{"date":"2018-11-29 18:00', '', 0, 0, '0000-00-00 00:00:00', '2019-11-08 14:38:23', '2019-11-08 14:38:23'),
(2501, 1, 1, '', 'create_guests_history', '{"id":831,"status_id":2,"guest_id":401,"user_created":1}', '', 0, 0, '0000-00-00 00:00:00', '2019-11-08 14:44:31', '2019-11-08 14:44:31'),
(2511, 1, 1, '', 'login', '{"id":1,"name":"Stanley","zipcode":"","street":"","number":"","complement":"","district":"","city":"","state":"","phone":"","sex":"","type":1,"status":1,"email":"stanleygomesdasilva@gmail.com","user_created":1}', '', 0, 0, '0000-00-00 00:00:00', '2019-11-09 22:11:22', '2019-11-09 22:11:22'),
(2521, 1, 1, '', 'create_guests_history', '{"id":841,"status_id":2,"guest_id":421,"user_created":1}', '', 0, 0, '0000-00-00 00:00:00', '2019-11-09 22:18:41', '2019-11-09 22:18:41'),
(2531, 1, 1, '', 'create_event', '{"id":41,"name":"A Very Hevvy Christmas Party 2019","date":"2019-11-22 06:00:00","place":"Five Sails Restaurant - 999 Canada Pl, Vancouver, BC V6C 3E1","status":1}', '', 0, 0, '0000-00-00 00:00:00', '2019-11-09 22:57:55', '2019-11-09 22:57:55'),
(2541, 1, 0, '', 'update_guest', '{"id":421,"name":"Pablo","email":"Baralu@Baralu.com","user_created":1,"user_deleted":0,"remember_token":null,"status":1,"event_id":41,"token":"51e67b6fe9af710c8897f639c5a118a1","companion":"1","allergies":"Soy","guest_food":"2","companion_food":"3","compa', '', 0, 0, '0000-00-00 00:00:00', '2019-11-10 13:45:23', '2019-11-10 13:45:23'),
(2551, 1, 0, '', 'create_guests_history', '{"id":851,"status_id":3,"guest_id":421,"user_created":1}', '', 0, 0, '0000-00-00 00:00:00', '2019-11-10 13:45:24', '2019-11-10 13:45:24'),
(2561, 1, 0, '', 'error_send_email.guest-confirm', 'DADOS: 51e67b6fe9af710c8897f639c5a118a1, jvandevelde@hevvypumps.com, Justin from Hevvy Pumps, Pablo, Baralu@Baralu.com, A Very Hevvy Christmas Party 2019, 2019-11-22 06:00:00, Five Sails Restaurant - 999 Canada Pl, Vancouver, BC V6C 3E1, ', '', 0, 0, '0000-00-00 00:00:00', '2019-11-10 13:45:27', '2019-11-10 13:45:27'),
(2571, 1, 0, '', 'update_guest', '{"id":421,"name":"Pablo","email":"Baralu@Baralu.com","user_created":1,"user_deleted":0,"remember_token":null,"status":1,"event_id":41,"token":"51e67b6fe9af710c8897f639c5a118a1","companion":"1","allergies":"Soy and others","guest_food":"1","companion_food"', '', 0, 0, '0000-00-00 00:00:00', '2019-11-10 14:08:28', '2019-11-10 14:08:28'),
(2581, 1, 0, '', 'create_guests_history', '{"id":861,"status_id":3,"guest_id":421,"user_created":1}', '', 0, 0, '0000-00-00 00:00:00', '2019-11-10 14:08:30', '2019-11-10 14:08:30'),
(2591, 1, 0, '', 'update_guest', '{"id":421,"name":"Pablo","email":"Baralu@Baralu.com","user_created":1,"user_deleted":0,"remember_token":null,"status":1,"event_id":41,"token":"51e67b6fe9af710c8897f639c5a118a1","companion":"1","allergies":"ciclano","guest_food":"2","companion_food":"3","c', '', 0, 0, '0000-00-00 00:00:00', '2019-11-10 16:41:53', '2019-11-10 16:41:53'),
(2601, 1, 0, '', 'create_guests_history', '{"id":871,"status_id":3,"guest_id":421,"user_created":1}', '', 0, 0, '0000-00-00 00:00:00', '2019-11-10 16:41:54', '2019-11-10 16:41:54'),
(2611, 1, 0, '', 'error_send_email.guest-confirm', 'DADOS: 51e67b6fe9af710c8897f639c5a118a1, jvandevelde@hevvypumps.com, Justin from Hevvy Pumps, Pablo, Baralu@Baralu.com, A Very Hevvy Christmas Party 2019, 2019-11-22 06:00:00, Five Sails Restaurant - 999 Canada Pl, Vancouver, BC V6C 3E1, ', '', 0, 0, '0000-00-00 00:00:00', '2019-11-10 16:41:55', '2019-11-10 16:41:55'),
(2621, 1, 0, '', 'update_guest', '{"id":421,"name":"Pablo","email":"Baralu@Baralu.com","user_created":1,"user_deleted":0,"remember_token":null,"status":1,"event_id":41,"token":"51e67b6fe9af710c8897f639c5a118a1","companion":"1","allergies":"asd","guest_food":"2","companion_food":"2","compa', '', 0, 0, '0000-00-00 00:00:00', '2019-11-10 16:46:13', '2019-11-10 16:46:13'),
(2631, 1, 0, '', 'create_guests_history', '{"id":881,"status_id":3,"guest_id":421,"user_created":1}', '', 0, 0, '0000-00-00 00:00:00', '2019-11-10 16:46:14', '2019-11-10 16:46:14'),
(2641, 1, 0, '', 'error_send_email.guest-confirm', 'DADOS: 51e67b6fe9af710c8897f639c5a118a1, jvandevelde@hevvypumps.com, Justin from Hevvy Pumps, Pablo, Baralu@Baralu.com, A Very Hevvy Christmas Party 2019, 2019-11-22 06:00:00, Five Sails Restaurant - 999 Canada Pl, Vancouver, BC V6C 3E1, ', '', 0, 0, '0000-00-00 00:00:00', '2019-11-10 16:46:15', '2019-11-10 16:46:15'),
(2651, 1, 1, '', 'login', '{"id":1,"name":"Stanley","zipcode":"","street":"","number":"","complement":"","district":"","city":"","state":"","phone":"","sex":"","type":1,"status":1,"email":"stanleygomesdasilva@gmail.com","user_created":1}', '', 0, 0, '0000-00-00 00:00:00', '2019-11-10 17:03:16', '2019-11-10 17:03:16'),
(2661, 1, 1, '', 'create_guests_history', '{"id":891,"status_id":1,"guest_id":431,"user_created":1}', '', 0, 0, '0000-00-00 00:00:00', '2019-11-10 17:39:01', '2019-11-10 17:39:01'),
(2671, 1, 1, '', 'error_send_email.guest-invite', 'DADOS: f6289a3d4998a7bb08b164708eea4935, jvandevelde@hevvypumps.com, Justin from Hevvy Pumps, stanley, stanleygomesdasilva@gmail.com, A Very Hevvy Christmas Party 2018, 2018-11-29 18:00:00, The Vancouver Club - 915 W Hastings St, Vancouver, BC V6C 1C6, ', '', 0, 0, '0000-00-00 00:00:00', '2019-11-10 17:39:03', '2019-11-10 17:39:03'),
(2681, 1, 1, '', 'create_guest', '{"id":431,"name":"stanley","event_id":"1","email":"stanleygomesdasilva@gmail.com","user_created":1,"token":"f6289a3d4998a7bb08b164708eea4935","status":1,"guest_id":431,"status_id":1,"event_name":"A Very Hevvy Christmas Party 2018","event_date":{"date":"20', '', 0, 0, '0000-00-00 00:00:00', '2019-11-10 17:39:04', '2019-11-10 17:39:04'),
(2691, 1, 1, '', 'create_guests_history', '{"id":901,"status_id":1,"guest_id":441,"user_created":1}', '', 0, 0, '0000-00-00 00:00:00', '2019-11-10 17:41:30', '2019-11-10 17:41:30'),
(2701, 1, 1, '', 'create_guest', '{"id":441,"name":"stanley","event_id":"1","email":"stanleygomesdasilva@gmail.com","user_created":1,"token":"649a8e7505869322520b146c594741e3","status":1,"guest_id":441,"status_id":1,"event_name":"A Very Hevvy Christmas Party 2018","event_date":{"date":"20', '', 0, 0, '0000-00-00 00:00:00', '2019-11-10 17:41:33', '2019-11-10 17:41:33'),
(2711, 1, 1, '', 'create_guests_history', '{"id":911,"status_id":1,"guest_id":451,"user_created":1}', '', 0, 0, '0000-00-00 00:00:00', '2019-11-10 17:56:29', '2019-11-10 17:56:29'),
(2721, 1, 1, '', 'error_send_email.guest-invite', 'DADOS: 0e131e3da6c45e46a4645ddfb3971017, jvandevelde@hevvypumps.com, Justin from Hevvy Pumps, stanley gomes, stanleygomesdasilva@gmail.com, 41, A Very Hevvy Christmas Party 2019, 2019-11-22 06:00:00, Five Sails Restaurant - 999 Canada Pl, Vancouver, BC V6', '', 0, 0, '0000-00-00 00:00:00', '2019-11-10 17:56:30', '2019-11-10 17:56:30'),
(2731, 1, 1, '', 'create_guest', '{"id":451,"name":"stanley gomes","event_id":41,"email":"stanleygomesdasilva@gmail.com","user_created":1,"token":"0e131e3da6c45e46a4645ddfb3971017","status":1,"guest_id":451,"status_id":1,"event_name":"A Very Hevvy Christmas Party 2019","event_date":{"date', '', 0, 0, '0000-00-00 00:00:00', '2019-11-10 17:56:31', '2019-11-10 17:56:31'),
(2741, 1, 1, '', 'create_guests_history', '{"id":921,"status_id":1,"guest_id":461,"user_created":1}', '', 0, 0, '0000-00-00 00:00:00', '2019-11-10 17:58:01', '2019-11-10 17:58:01'),
(2751, 1, 1, '', 'create_guest', '{"id":461,"name":"stanley gomes","event_id":41,"email":"stanleygomesdasilva@gmail.com","user_created":1,"token":"e765cf12830e5cfbee2905ce72a10769","status":1,"guest_id":461,"status_id":1,"event_name":"A Very Hevvy Christmas Party 2019","event_date":{"date', '', 0, 0, '0000-00-00 00:00:00', '2019-11-10 17:58:04', '2019-11-10 17:58:04'),
(2761, 1, 1, '', 'create_guests_history', '{"id":931,"status_id":2,"guest_id":461,"user_created":1}', '', 0, 0, '0000-00-00 00:00:00', '2019-11-10 17:58:24', '2019-11-10 17:58:24'),
(2771, 1, 1, '', 'update_guest', '{"id":461,"name":"stanley gomes","email":"stanleygomesdasilva@gmail.com","user_created":1,"user_deleted":0,"remember_token":null,"status":1,"event_id":41,"token":"e765cf12830e5cfbee2905ce72a10769","companion":"1","allergies":"Soy only","guest_food":"1","c', '', 0, 0, '0000-00-00 00:00:00', '2019-11-10 17:58:50', '2019-11-10 17:58:50'),
(2781, 1, 1, '', 'create_guests_history', '{"id":941,"status_id":3,"guest_id":461,"user_created":1}', '', 0, 0, '0000-00-00 00:00:00', '2019-11-10 17:58:51', '2019-11-10 17:58:51'),
(2791, 1, 1, '', 'update_guest', '{"id":461,"name":"stanley gomes","email":"stanleygomesdasilva@gmail.com","user_created":1,"user_deleted":0,"remember_token":null,"status":1,"event_id":41,"token":"e765cf12830e5cfbee2905ce72a10769","companion":"1","allergies":"Teste","guest_food":"1","comp', '', 0, 0, '0000-00-00 00:00:00', '2019-11-10 19:51:51', '2019-11-10 19:51:51'),
(2801, 1, 1, '', 'create_guests_history', '{"id":951,"status_id":3,"guest_id":461,"user_created":1}', '', 0, 0, '0000-00-00 00:00:00', '2019-11-10 19:51:53', '2019-11-10 19:51:53'),
(2811, 1, 1, '', 'error_send_email.guest-confirm', 'DADOS: e765cf12830e5cfbee2905ce72a10769, jvandevelde@hevvypumps.com, Justin from Hevvy Pumps, stanley gomes, stanleygomesdasilva@gmail.com, 41, A Very Hevvy Christmas Party 2019, 2019-11-22 06:00:00, Five Sails Restaurant - 999 Canada Pl, Vancouver, BC V6', '', 0, 0, '0000-00-00 00:00:00', '2019-11-10 19:51:54', '2019-11-10 19:51:54'),
(2821, 1, 1, '', 'create_guests_history', '{"id":961,"status_id":1,"guest_id":471,"user_created":1}', '', 0, 0, '0000-00-00 00:00:00', '2019-11-10 19:53:59', '2019-11-10 19:53:59'),
(2831, 1, 1, '', 'create_guest', '{"id":471,"name":"stanley gomes","event_id":41,"email":"stanleygomesdasilva@gmail.com","user_created":1,"token":"6270ba9d1761c02339bf40d5eb2256a9","status":1,"guest_id":471,"status_id":1,"event_name":"A Very Hevvy Christmas Party 2019","event_date":{"date', '', 0, 0, '0000-00-00 00:00:00', '2019-11-10 19:54:02', '2019-11-10 19:54:02'),
(2841, 1, 1, '', 'create_guests_history', '{"id":971,"status_id":2,"guest_id":471,"user_created":1}', '', 0, 0, '0000-00-00 00:00:00', '2019-11-10 19:56:21', '2019-11-10 19:56:21'),
(2851, 1, 1, '', 'update_guest', '{"id":471,"name":"stanley gomes","email":"stanleygomesdasilva@gmail.com","user_created":1,"user_deleted":0,"remember_token":null,"status":1,"event_id":41,"token":"6270ba9d1761c02339bf40d5eb2256a9","companion":"1","allergies":"Soy","guest_food":"1","compan', '', 0, 0, '0000-00-00 00:00:00', '2019-11-10 19:56:42', '2019-11-10 19:56:42'),
(2861, 1, 1, '', 'create_guests_history', '{"id":981,"status_id":3,"guest_id":471,"user_created":1}', '', 0, 0, '0000-00-00 00:00:00', '2019-11-10 19:56:43', '2019-11-10 19:56:43'),
(2871, 1, 1, '', 'create_guests_history', '{"id":991,"status_id":1,"guest_id":481,"user_created":1}', '', 0, 0, '0000-00-00 00:00:00', '2019-11-10 19:59:54', '2019-11-10 19:59:54'),
(2881, 1, 1, '', 'create_guest', '{"id":481,"name":"stanley gomes","event_id":41,"email":"stanleygomesdasilva@gmail.com","user_created":1,"token":"fc749a42209565e01ac842ad589d7305","status":1,"guest_id":481,"status_id":1,"event_name":"A Very Hevvy Christmas Party 2019","event_date":{"date', '', 0, 0, '0000-00-00 00:00:00', '2019-11-10 19:59:56', '2019-11-10 19:59:56'),
(2891, 1, 1, '', 'create_guests_history', '{"id":1001,"status_id":2,"guest_id":481,"user_created":1}', '', 0, 0, '0000-00-00 00:00:00', '2019-11-10 20:00:58', '2019-11-10 20:00:58'),
(2901, 1, 1, '', 'update_guest', '{"id":481,"name":"stanley gomes","email":"stanleygomesdasilva@gmail.com","user_created":1,"user_deleted":0,"remember_token":null,"status":1,"event_id":41,"token":"fc749a42209565e01ac842ad589d7305","companion":"1","allergies":"Soy","guest_food":"2","compan', '', 0, 0, '0000-00-00 00:00:00', '2019-11-10 20:01:17', '2019-11-10 20:01:17'),
(2911, 1, 1, '', 'create_guests_history', '{"id":1011,"status_id":3,"guest_id":481,"user_created":1}', '', 0, 0, '0000-00-00 00:00:00', '2019-11-10 20:01:18', '2019-11-10 20:01:18'),
(2921, 1, 1, '', 'update_guest', '{"id":481,"name":"stanley gomes","email":"stanleygomesdasilva@gmail.com","user_created":1,"user_deleted":0,"remember_token":null,"status":1,"event_id":41,"token":"fc749a42209565e01ac842ad589d7305","companion":"1","allergies":"Soy","guest_food":"2","compan', '', 0, 0, '0000-00-00 00:00:00', '2019-11-10 20:05:31', '2019-11-10 20:05:31'),
(2931, 1, 1, '', 'create_guests_history', '{"id":1021,"status_id":3,"guest_id":481,"user_created":1}', '', 0, 0, '0000-00-00 00:00:00', '2019-11-10 20:05:32', '2019-11-10 20:05:32'),
(2941, 1, 1, '', 'login', '{"id":1,"name":"Stanley","zipcode":"","street":"","number":"","complement":"","district":"","city":"","state":"","phone":"","sex":"","type":1,"status":1,"email":"stanleygomesdasilva@gmail.com","user_created":1}', '', 0, 0, '0000-00-00 00:00:00', '2019-11-10 20:22:07', '2019-11-10 20:22:07'),
(2951, 1, 1, '', 'login', '{"id":1,"name":"Stanley","zipcode":"","street":"","number":"","complement":"","district":"","city":"","state":"","phone":"","sex":"","type":1,"status":1,"email":"stanleygomesdasilva@gmail.com","user_created":1}', '', 0, 0, '0000-00-00 00:00:00', '2019-11-10 21:21:56', '2019-11-10 21:21:56'),
(2961, 1, 1, '', 'login', '{"id":1,"name":"Stanley","zipcode":"","street":"","number":"","complement":"","district":"","city":"","state":"","phone":"","sex":"","type":1,"status":1,"email":"stanleygomesdasilva@gmail.com","user_created":1}', '', 0, 0, '0000-00-00 00:00:00', '2019-11-10 21:23:23', '2019-11-10 21:23:23'),
(2971, 1, 1, '', 'login', '{"id":1,"name":"Stanley","zipcode":"","street":"","number":"","complement":"","district":"","city":"","state":"","phone":"","sex":"","type":1,"status":1,"email":"stanleygomesdasilva@gmail.com","user_created":1}', '', 0, 0, '0000-00-00 00:00:00', '2019-11-10 21:38:33', '2019-11-10 21:38:33'),
(2981, 1, 1, '', 'create_guests_history', '{"id":1031,"status_id":1,"guest_id":491,"user_created":1}', '', 0, 0, '0000-00-00 00:00:00', '2019-11-10 21:38:45', '2019-11-10 21:38:45'),
(2991, 1, 1, '', 'error_send_email.guest-invite', 'DADOS: f05acfd3ea93f0287d3aa9fbc2c93003, jvandevelde@hevvypumps.com, Justin from Hevvy Pumps, stanley gomes, stanleygomesdasilva@gmail.com, 41, A Very Hevvy Christmas Party 2019, 2019-11-22 06:00:00, Five Sails Restaurant - 999 Canada Pl, Vancouver, BC V6', '', 0, 0, '0000-00-00 00:00:00', '2019-11-10 21:38:45', '2019-11-10 21:38:45'),
(3001, 1, 1, '', 'create_guest', '{"id":491,"name":"stanley gomes","event_id":41,"email":"stanleygomesdasilva@gmail.com","user_created":1,"token":"f05acfd3ea93f0287d3aa9fbc2c93003","status":1,"guest_id":491,"status_id":1,"event_name":"A Very Hevvy Christmas Party 2019","event_date":{"date', '', 0, 0, '0000-00-00 00:00:00', '2019-11-10 21:38:45', '2019-11-10 21:38:45'),
(3011, 1, 1, '', 'login', '{"id":1,"name":"Stanley","zipcode":"","street":"","number":"","complement":"","district":"","city":"","state":"","phone":"","sex":"","type":1,"status":1,"email":"stanleygomesdasilva@gmail.com","user_created":1}', '', 0, 0, '0000-00-00 00:00:00', '2019-11-10 21:41:23', '2019-11-10 21:41:23'),
(3021, 1, 1, '', 'create_guests_history', '{"id":1041,"status_id":1,"guest_id":501,"user_created":1}', '', 0, 0, '0000-00-00 00:00:00', '2019-11-10 21:41:30', '2019-11-10 21:41:30'),
(3031, 1, 1, '', 'create_guests_history', '{"id":1051,"status_id":1,"guest_id":511,"user_created":1}', '', 0, 0, '0000-00-00 00:00:00', '2019-11-10 21:42:21', '2019-11-10 21:42:21'),
(3041, 1, 1, '', 'create_guests_history', '{"id":1061,"status_id":1,"guest_id":521,"user_created":1}', '', 0, 0, '0000-00-00 00:00:00', '2019-11-10 21:44:41', '2019-11-10 21:44:41'),
(3051, 1, 1, '', 'create_guests_history', '{"id":1071,"status_id":1,"guest_id":531,"user_created":1}', '', 0, 0, '0000-00-00 00:00:00', '2019-11-10 21:45:17', '2019-11-10 21:45:17'),
(3061, 1, 1, '', 'create_guests_history', '{"id":1081,"status_id":1,"guest_id":541,"user_created":1}', '', 0, 0, '0000-00-00 00:00:00', '2019-11-10 21:46:20', '2019-11-10 21:46:20'),
(3071, 1, 1, '', 'create_guests_history', '{"id":1091,"status_id":1,"guest_id":551,"user_created":1}', '', 0, 0, '0000-00-00 00:00:00', '2019-11-10 21:47:16', '2019-11-10 21:47:16'),
(3081, 1, 1, '', 'create_guest', '{"id":551,"name":"stanley gomes","event_id":41,"email":"stanleygomesdasilva@gmail.com","user_created":1,"token":"2778821f2a810aff1135aa48bec24278","status":1,"guest_id":551,"status_id":1,"event_name":"A Very Hevvy Christmas Party 2019","event_date":{"date', '', 0, 0, '0000-00-00 00:00:00', '2019-11-10 21:47:19', '2019-11-10 21:47:19'),
(3091, 1, 1, '', 'login', '{"id":1,"name":"Stanley","zipcode":"","street":"","number":"","complement":"","district":"","city":"","state":"","phone":"","sex":"","type":1,"status":1,"email":"stanleygomesdasilva@gmail.com","user_created":1}', '', 0, 0, '0000-00-00 00:00:00', '2019-11-10 21:49:34', '2019-11-10 21:49:34'),
(3101, 1, 1, '', 'create_guests_history', '{"id":1101,"status_id":1,"guest_id":561,"user_created":1}', '', 0, 0, '0000-00-00 00:00:00', '2019-11-10 21:49:44', '2019-11-10 21:49:44'),
(3111, 1, 1, '', 'create_guest', '{"id":561,"name":"stanley gomes","event_id":41,"email":"stanleygomesdasilva@gmail.com","user_created":1,"token":"7cfcd96e8fea59e70bc757eb9975f38c","status":1,"guest_id":561,"status_id":1,"event_name":"A Very Hevvy Christmas Party 2019","event_date":{"date', '', 0, 0, '0000-00-00 00:00:00', '2019-11-10 21:49:44', '2019-11-10 21:49:44'),
(3121, 1, 1, '', 'create_guests_history', '{"id":1111,"status_id":2,"guest_id":561,"user_created":1}', '', 0, 0, '0000-00-00 00:00:00', '2019-11-10 21:50:10', '2019-11-10 21:50:10'),
(3131, 1, 1, '', 'login', '{"id":1,"name":"Stanley","zipcode":"","street":"","number":"","complement":"","district":"","city":"","state":"","phone":"","sex":"","type":1,"status":1,"email":"stanleygomesdasilva@gmail.com","user_created":1}', '', 0, 0, '0000-00-00 00:00:00', '2019-11-10 21:54:36', '2019-11-10 21:54:36'),
(3141, 1, 1, '', 'create_guests_history', '{"id":1121,"status_id":1,"guest_id":571,"user_created":1}', '', 0, 0, '0000-00-00 00:00:00', '2019-11-10 21:56:07', '2019-11-10 21:56:07'),
(3151, 1, 1, '', 'create_guest', '{"id":571,"name":"stanley gomes","event_id":41,"email":"stanleygomesdasilva@gmail.com","user_created":1,"token":"e89848d08251fcb831654dea87b8a866","status":1,"guest_id":571,"status_id":1,"event_name":"A Very Hevvy Christmas Party 2019","event_date":{"date', '', 0, 0, '0000-00-00 00:00:00', '2019-11-10 21:56:09', '2019-11-10 21:56:09'),
(3161, 1, 1, '', 'create_guests_history', '{"id":1131,"status_id":2,"guest_id":571,"user_created":1}', '', 0, 0, '0000-00-00 00:00:00', '2019-11-10 21:57:18', '2019-11-10 21:57:18'),
(3171, 1, 1, '', 'login', '{"id":1,"name":"Stanley","zipcode":"","street":"","number":"","complement":"","district":"","city":"","state":"","phone":"","sex":"","type":1,"status":1,"email":"stanleygomesdasilva@gmail.com","user_created":1}', '', 0, 0, '0000-00-00 00:00:00', '2019-11-10 22:18:26', '2019-11-10 22:18:26'),
(3181, 1, 1, '', 'update_user', '{"id":51,"name":"Justin","zipcode":"","street":"","number":"","complement":"","district":"","city":"","state":"","phone":"","sex":"","type":"1","status":1,"email":"jvandevelde@hevvypumps.com","user_created":0}', '', 0, 0, '0000-00-00 00:00:00', '2019-11-10 22:18:35', '2019-11-10 22:18:35'),
(3191, 1, 1, '', 'update_event', '{"id":41,"name":"A Very Hevvy Christmas Party 2019","status":1,"user_created":0,"user_deleted":0,"remember_token":null,"date":"2019-11-22 06:00:00","place":"Five Sails Restaurant - 999 Canada Pl, Vancouver, BC V6C 3E1"}', '', 0, 0, '0000-00-00 00:00:00', '2019-11-10 22:18:42', '2019-11-10 22:18:42'),
(3201, 1, 1, '', 'delete_guest', '{"id":511,"name":"stanley gomes","email":"stanleygomesdasilva@gmail.com","user_created":1,"user_deleted":0,"remember_token":null,"status":2,"event_id":41,"token":"970e67f68298f26b18de0ec0351feb92","companion":0,"allergies":null,"guest_food":0,"companion_f', '', 0, 0, '0000-00-00 00:00:00', '2019-11-10 22:18:49', '2019-11-10 22:18:49'),
(3211, 1, 1, '', 'login', '{"id":1,"name":"Stanley","zipcode":"","street":"","number":"","complement":"","district":"","city":"","state":"","phone":"","sex":"","type":1,"status":1,"email":"stanleygomesdasilva@gmail.com","user_created":1}', '', 0, 0, '0000-00-00 00:00:00', '2019-11-10 22:22:53', '2019-11-10 22:22:53'),
(3221, 1, 1, '', 'delete_guest', '{"id":421,"name":"Pablo","email":"Baralu@Baralu.com","user_created":1,"user_deleted":0,"remember_token":null,"status":2,"event_id":41,"token":"51e67b6fe9af710c8897f639c5a118a1","companion":1,"allergies":"asd","guest_food":2,"companion_food":2,"companion_n', '', 0, 0, '0000-00-00 00:00:00', '2019-11-10 22:31:50', '2019-11-10 22:31:50'),
(3231, 1, 1, '', 'delete_guest', '{"id":451,"name":"stanley gomes","email":"stanleygomesdasilva@gmail.com","user_created":1,"user_deleted":0,"remember_token":null,"status":2,"event_id":41,"token":"0e131e3da6c45e46a4645ddfb3971017","companion":0,"allergies":null,"guest_food":0,"companion_f', '', 0, 0, '0000-00-00 00:00:00', '2019-11-10 22:31:51', '2019-11-10 22:31:51'),
(3241, 1, 1, '', 'delete_guest', '{"id":461,"name":"stanley gomes","email":"stanleygomesdasilva@gmail.com","user_created":1,"user_deleted":0,"remember_token":null,"status":2,"event_id":41,"token":"e765cf12830e5cfbee2905ce72a10769","companion":1,"allergies":"Teste","guest_food":1,"companio', '', 0, 0, '0000-00-00 00:00:00', '2019-11-10 22:31:52', '2019-11-10 22:31:52'),
(3251, 1, 1, '', 'delete_guest', '{"id":471,"name":"stanley gomes","email":"stanleygomesdasilva@gmail.com","user_created":1,"user_deleted":0,"remember_token":null,"status":2,"event_id":41,"token":"6270ba9d1761c02339bf40d5eb2256a9","companion":1,"allergies":"Soy","guest_food":1,"companion_', '', 0, 0, '0000-00-00 00:00:00', '2019-11-10 22:31:53', '2019-11-10 22:31:53'),
(3261, 1, 1, '', 'delete_guest', '{"id":481,"name":"stanley gomes","email":"stanleygomesdasilva@gmail.com","user_created":1,"user_deleted":0,"remember_token":null,"status":2,"event_id":41,"token":"fc749a42209565e01ac842ad589d7305","companion":1,"allergies":"Soy","guest_food":2,"companion_', '', 0, 0, '0000-00-00 00:00:00', '2019-11-10 22:31:53', '2019-11-10 22:31:53'),
(3271, 1, 1, '', 'delete_guest', '{"id":491,"name":"stanley gomes","email":"stanleygomesdasilva@gmail.com","user_created":1,"user_deleted":0,"remember_token":null,"status":2,"event_id":41,"token":"f05acfd3ea93f0287d3aa9fbc2c93003","companion":0,"allergies":null,"guest_food":0,"companion_f', '', 0, 0, '0000-00-00 00:00:00', '2019-11-10 22:31:54', '2019-11-10 22:31:54'),
(3281, 1, 1, '', 'delete_guest', '{"id":501,"name":"stanley gomes","email":"stanleygomesdasilva@gmail.com","user_created":1,"user_deleted":0,"remember_token":null,"status":2,"event_id":41,"token":"9d6cca81f9550f5d21f3e5e950443682","companion":0,"allergies":null,"guest_food":0,"companion_f', '', 0, 0, '0000-00-00 00:00:00', '2019-11-10 22:31:55', '2019-11-10 22:31:55'),
(3291, 1, 1, '', 'delete_guest', '{"id":521,"name":"stanley gomes","email":"stanleygomesdasilva@gmail.com","user_created":1,"user_deleted":0,"remember_token":null,"status":2,"event_id":41,"token":"2c564c7963389412da70e7526df187ee","companion":0,"allergies":null,"guest_food":0,"companion_f', '', 0, 0, '0000-00-00 00:00:00', '2019-11-10 22:31:55', '2019-11-10 22:31:55'),
(3301, 1, 1, '', 'delete_guest', '{"id":531,"name":"stanley gomes","email":"stanleygomesdasilva@gmail.com","user_created":1,"user_deleted":0,"remember_token":null,"status":2,"event_id":41,"token":"6e4b74ef6b69401d789b3c3ad8933a7a","companion":0,"allergies":null,"guest_food":0,"companion_f', '', 0, 0, '0000-00-00 00:00:00', '2019-11-10 22:31:56', '2019-11-10 22:31:56'),
(3311, 1, 1, '', 'delete_guest', '{"id":541,"name":"stanley gomes","email":"stanleygomesdasilva@gmail.com","user_created":1,"user_deleted":0,"remember_token":null,"status":2,"event_id":41,"token":"b7bf1774fc84825bbeec90f9c3a68acb","companion":0,"allergies":null,"guest_food":0,"companion_f', '', 0, 0, '0000-00-00 00:00:00', '2019-11-10 22:31:57', '2019-11-10 22:31:57'),
(3321, 1, 1, '', 'delete_guest', '{"id":551,"name":"stanley gomes","email":"stanleygomesdasilva@gmail.com","user_created":1,"user_deleted":0,"remember_token":null,"status":2,"event_id":41,"token":"2778821f2a810aff1135aa48bec24278","companion":0,"allergies":null,"guest_food":0,"companion_f', '', 0, 0, '0000-00-00 00:00:00', '2019-11-10 22:31:57', '2019-11-10 22:31:57'),
(3331, 1, 1, '', 'delete_guest', '{"id":561,"name":"stanley gomes","email":"stanleygomesdasilva@gmail.com","user_created":1,"user_deleted":0,"remember_token":null,"status":2,"event_id":41,"token":"7cfcd96e8fea59e70bc757eb9975f38c","companion":0,"allergies":null,"guest_food":0,"companion_f', '', 0, 0, '0000-00-00 00:00:00', '2019-11-10 22:31:58', '2019-11-10 22:31:58'),
(3341, 1, 1, '', 'delete_guest', '{"id":571,"name":"stanley gomes","email":"stanleygomesdasilva@gmail.com","user_created":1,"user_deleted":0,"remember_token":null,"status":2,"event_id":41,"token":"e89848d08251fcb831654dea87b8a866","companion":0,"allergies":null,"guest_food":0,"companion_f', '', 0, 0, '0000-00-00 00:00:00', '2019-11-10 22:31:58', '2019-11-10 22:31:58'),
(3351, 1, 1, '', 'create_guests_history', '{"id":1141,"status_id":1,"guest_id":581,"user_created":1}', '', 0, 0, '0000-00-00 00:00:00', '2019-11-10 22:35:25', '2019-11-10 22:35:25'),
(3361, 1, 1, '', 'create_guest', '{"id":581,"name":"stanley gomes","event_id":41,"email":"stanleygomesdasilva@gmail.com","user_created":1,"token":"4f99057dd95e3f55fff1ff0008675622","status":1,"guest_id":581,"status_id":1,"event_name":"A Very Hevvy Christmas Party 2019","event_date":{"date', '', 0, 0, '0000-00-00 00:00:00', '2019-11-10 22:35:26', '2019-11-10 22:35:26'),
(3371, 1, 1, '', 'create_guests_history', '{"id":1151,"status_id":2,"guest_id":581,"user_created":1}', '', 0, 0, '0000-00-00 00:00:00', '2019-11-10 22:51:57', '2019-11-10 22:51:57'),
(3381, 1, 1, '', 'update_guest', '{"id":581,"name":"stanley gomes","email":"stanleygomesdasilva@gmail.com","user_created":1,"user_deleted":0,"remember_token":null,"status":1,"event_id":41,"token":"4f99057dd95e3f55fff1ff0008675622","companion":"1","allergies":"Chocolate","guest_food":"2","', '', 0, 0, '0000-00-00 00:00:00', '2019-11-10 22:52:37', '2019-11-10 22:52:37'),
(3391, 1, 1, '', 'create_guests_history', '{"id":1161,"status_id":3,"guest_id":581,"user_created":1}', '', 0, 0, '0000-00-00 00:00:00', '2019-11-10 22:52:37', '2019-11-10 22:52:37'),
(3401, 1, 1, '', 'create_guests_history', '{"id":1171,"status_id":1,"guest_id":591,"user_created":1}', '', 0, 0, '0000-00-00 00:00:00', '2019-11-10 22:56:22', '2019-11-10 22:56:22'),
(3411, 1, 1, '', 'create_guest', '{"id":591,"name":"Marco Tulio","event_id":41,"email":"marcotuliomelo@softbox.com.br ","user_created":1,"token":"bb4881620d497f40d6b3d3f033f2a73b","status":1,"guest_id":591,"status_id":1,"event_name":"A Very Hevvy Christmas Party 2019","event_date":{"date"', '', 0, 0, '0000-00-00 00:00:00', '2019-11-10 22:56:26', '2019-11-10 22:56:26'),
(3421, 1, 1, '', 'create_guests_history', '{"id":1181,"status_id":1,"guest_id":601,"user_created":1}', '', 0, 0, '0000-00-00 00:00:00', '2019-11-10 22:56:42', '2019-11-10 22:56:42'),
(3431, 1, 1, '', 'create_guest', '{"id":601,"name":"Thiago Cantuario","event_id":41,"email":"thiagocantuario@softbox.com.br","user_created":1,"token":"0708685d741d6461c9eb5f31d0b06e9a","status":1,"guest_id":601,"status_id":1,"event_name":"A Very Hevvy Christmas Party 2019","event_date":{"', '', 0, 0, '0000-00-00 00:00:00', '2019-11-10 22:56:43', '2019-11-10 22:56:43'),
(3441, 1, 1, '', 'create_guests_history', '{"id":1191,"status_id":1,"guest_id":611,"user_created":1}', '', 0, 0, '0000-00-00 00:00:00', '2019-11-10 22:56:48', '2019-11-10 22:56:48'),
(3451, 1, 1, '', 'create_guest', '{"id":611,"name":"Wendreo Santos","event_id":41,"email":"wendreosantos@softbox.com.br ","user_created":1,"token":"fe636132407ba487e3ad4d7669552f3b","status":1,"guest_id":611,"status_id":1,"event_name":"A Very Hevvy Christmas Party 2019","event_date":{"dat', '', 0, 0, '0000-00-00 00:00:00', '2019-11-10 22:56:49', '2019-11-10 22:56:49'),
(3461, 1, 1, '', 'create_guests_history', '{"id":1201,"status_id":1,"guest_id":621,"user_created":1}', '', 0, 0, '0000-00-00 00:00:00', '2019-11-10 22:57:30', '2019-11-10 22:57:30'),
(3471, 1, 1, '', 'create_guest', '{"id":621,"name":"Justin","event_id":41,"email":"jvandevelde@hevvypumps.com","user_created":1,"token":"d8acaa1cbb846844e4bed7ca68059d2a","status":1,"guest_id":621,"status_id":1,"event_name":"A Very Hevvy Christmas Party 2019","event_date":{"date":"2019-11', '', 0, 0, '0000-00-00 00:00:00', '2019-11-10 22:57:31', '2019-11-10 22:57:31'),
(3481, 1, 1, '', 'login', '{"id":1,"name":"Stanley","zipcode":"","street":"","number":"","complement":"","district":"","city":"","state":"","phone":"","sex":"","type":1,"status":1,"email":"stanleygomesdasilva@gmail.com","user_created":1}', '', 0, 0, '0000-00-00 00:00:00', '2019-11-10 23:40:05', '2019-11-10 23:40:05'),
(3491, 1, 1, '', 'delete_guest', '{"id":621,"name":"Justin","email":"jvandevelde@hevvypumps.com","user_created":1,"user_deleted":0,"remember_token":null,"status":2,"event_id":41,"token":"d8acaa1cbb846844e4bed7ca68059d2a","companion":0,"allergies":null,"guest_food":0,"companion_food":0,"co', '', 0, 0, '0000-00-00 00:00:00', '2019-11-10 23:40:14', '2019-11-10 23:40:14'),
(3501, 1, 1, '', 'create_guests_history', '{"id":1211,"status_id":1,"guest_id":631,"user_created":1}', '', 0, 0, '0000-00-00 00:00:00', '2019-11-10 23:40:24', '2019-11-10 23:40:24'),
(3511, 1, 1, '', 'create_guest', '{"id":631,"name":"Justin","event_id":41,"email":"jvandevelde@toyopumps.com","user_created":1,"token":"411c1a16a3c580af0dddd0a384e9bc4b","status":1,"guest_id":631,"status_id":1,"event_name":"A Very Hevvy Christmas Party 2019","event_date":{"date":"2019-11-', '', 0, 0, '0000-00-00 00:00:00', '2019-11-10 23:40:26', '2019-11-10 23:40:26'),
(3521, 1, 1, '', 'create_guests_history', '{"id":1221,"status_id":1,"guest_id":641,"user_created":1}', '', 0, 0, '0000-00-00 00:00:00', '2019-11-10 23:45:11', '2019-11-10 23:45:11'),
(3531, 1, 1, '', 'create_guest', '{"id":641,"name":"Kellen Cristiny","event_id":41,"email":"kellencrisgon@gmail.com","user_created":1,"token":"fa890ff565a7ffa7d3df43ab4fb59dac","status":1,"guest_id":641,"status_id":1,"event_name":"A Very Hevvy Christmas Party 2019","event_date":{"date":"2', '', 0, 0, '0000-00-00 00:00:00', '2019-11-10 23:45:11', '2019-11-10 23:45:11'),
(3541, 1, 0, '', 'create_guests_history', '{"id":1231,"status_id":2,"guest_id":641,"user_created":1}', '', 0, 0, '0000-00-00 00:00:00', '2019-11-10 23:47:06', '2019-11-10 23:47:06'),
(3551, 1, 0, '', 'update_guest', '{"id":641,"name":"Kellen Cristiny","email":"kellencrisgon@gmail.com","user_created":1,"user_deleted":0,"remember_token":null,"status":1,"event_id":41,"token":"fa890ff565a7ffa7d3df43ab4fb59dac","companion":"1","allergies":"No","guest_food":"2","companion_f', '', 0, 0, '0000-00-00 00:00:00', '2019-11-10 23:50:36', '2019-11-10 23:50:36'),
(3561, 1, 0, '', 'create_guests_history', '{"id":1241,"status_id":3,"guest_id":641,"user_created":1}', '', 0, 0, '0000-00-00 00:00:00', '2019-11-10 23:50:36', '2019-11-10 23:50:36'),
(3571, 1, 1, '', 'login', '{"id":1,"name":"Stanley","zipcode":"","street":"","number":"","complement":"","district":"","city":"","state":"","phone":"","sex":"","type":1,"status":1,"email":"stanleygomesdasilva@gmail.com","user_created":1}', '', 0, 0, '0000-00-00 00:00:00', '2019-11-11 00:39:46', '2019-11-11 00:39:46'),
(3581, 1, 1, '', 'create_guests_history', '{"id":1251,"status_id":1,"guest_id":651,"user_created":1}', '', 0, 0, '0000-00-00 00:00:00', '2019-11-11 00:40:06', '2019-11-11 00:40:06'),
(3591, 1, 1, '', 'create_guest', '{"id":651,"name":"stanley","event_id":41,"email":"stanleygomesdasilva@outlook.com","user_created":1,"token":"cd9366b081fd07bce5e5ce13b934c46b","status":1,"guest_id":651,"status_id":1,"event_name":"A Very Hevvy Christmas Party 2019","event_date":{"date":"2', '', 0, 0, '0000-00-00 00:00:00', '2019-11-11 00:40:08', '2019-11-11 00:40:08'),
(3601, 1, 1, '', 'login', '{"id":1,"name":"Stanley","zipcode":"","street":"","number":"","complement":"","district":"","city":"","state":"","phone":"","sex":"","type":1,"status":1,"email":"stanleygomesdasilva@gmail.com","user_created":1}', '', 0, 0, '0000-00-00 00:00:00', '2019-11-11 00:44:25', '2019-11-11 00:44:25'),
(3611, 1, 1, '', 'create_guests_history', '{"id":1261,"status_id":1,"guest_id":661,"user_created":1}', '', 0, 0, '0000-00-00 00:00:00', '2019-11-11 00:44:51', '2019-11-11 00:44:51'),
(3621, 1, 1, '', 'create_guests_history', '{"id":1271,"status_id":1,"guest_id":671,"user_created":1}', '', 0, 0, '0000-00-00 00:00:00', '2019-11-11 00:44:58', '2019-11-11 00:44:58'),
(3631, 1, 1, '', 'create_guest', '{"id":661,"name":"stanley","event_id":41,"email":"stanleygomesdasilva@outl","user_created":1,"token":"55db4cd8c8571a138e3a47d0c672eb88","status":1,"guest_id":661,"status_id":1,"event_name":"A Very Hevvy Christmas Party 2019","event_date":{"date":"2019-11-', '', 0, 0, '0000-00-00 00:00:00', '2019-11-11 00:44:58', '2019-11-11 00:44:58'),
(3641, 1, 1, '', 'create_guest', '{"id":671,"name":"stanley","event_id":41,"email":"stanleygomesdasilva@outlook.com","user_created":1,"token":"a74e8fcfc089faf819b0e615206eacbd","status":1,"guest_id":671,"status_id":1,"event_name":"A Very Hevvy Christmas Party 2019","event_date":{"date":"2', '', 0, 0, '0000-00-00 00:00:00', '2019-11-11 00:45:04', '2019-11-11 00:45:04'),
(3651, 1, 1, '', 'delete_guest', '{"id":661,"name":"stanley","email":"stanleygomesdasilva@outl","user_created":1,"user_deleted":0,"remember_token":null,"status":2,"event_id":41,"token":"55db4cd8c8571a138e3a47d0c672eb88","companion":0,"allergies":null,"guest_food":0,"companion_food":0,"com', '', 0, 0, '0000-00-00 00:00:00', '2019-11-11 00:47:13', '2019-11-11 00:47:13'),
(3661, 1, 1, '', 'create_guests_history', '{"id":1281,"status_id":1,"guest_id":681,"user_created":1}', '', 0, 0, '0000-00-00 00:00:00', '2019-11-11 00:47:19', '2019-11-11 00:47:19');
INSERT INTO `logs` (`id`, `status`, `user_id`, `token`, `action`, `data`, `ip`, `user_created`, `user_deleted`, `deleted_at`, `created_at`, `updated_at`) VALUES
(3671, 1, 1, '', 'create_guest', '{"id":681,"name":"stanley gomes","event_id":41,"email":"stanleygomesdasilva@outlook.com","user_created":1,"token":"0ce4ac1b3687ca11d667bed063bcad8e","status":1,"guest_id":681,"status_id":1,"event_name":"A Very Hevvy Christmas Party 2019","event_date":{"da', '', 0, 0, '0000-00-00 00:00:00', '2019-11-11 00:47:21', '2019-11-11 00:47:21'),
(3681, 1, 1, '', 'create_guests_history', '{"id":1291,"status_id":1,"guest_id":691,"user_created":1}', '', 0, 0, '0000-00-00 00:00:00', '2019-11-11 00:47:32', '2019-11-11 00:47:32'),
(3691, 1, 1, '', 'create_guest', '{"id":691,"name":"stanley gomes","event_id":41,"email":"stanleygomess@hotmail.com","user_created":1,"token":"cc3f35742dd955220cdc9d13d78b794d","status":1,"guest_id":691,"status_id":1,"event_name":"A Very Hevvy Christmas Party 2019","event_date":{"date":"2', '', 0, 0, '0000-00-00 00:00:00', '2019-11-11 00:47:33', '2019-11-11 00:47:33'),
(3701, 1, 1, '', 'delete_guest', '{"id":631,"name":"Justin","email":"jvandevelde@toyopumps.com","user_created":1,"user_deleted":0,"remember_token":null,"status":2,"event_id":41,"token":"411c1a16a3c580af0dddd0a384e9bc4b","companion":0,"allergies":null,"guest_food":0,"companion_food":0,"com', '', 0, 0, '0000-00-00 00:00:00', '2019-11-11 00:48:15', '2019-11-11 00:48:15'),
(3711, 1, 1, '', 'delete_guest', '{"id":651,"name":"stanley","email":"stanleygomesdasilva@outlook.com","user_created":1,"user_deleted":0,"remember_token":null,"status":2,"event_id":41,"token":"cd9366b081fd07bce5e5ce13b934c46b","companion":0,"allergies":null,"guest_food":0,"companion_food"', '', 0, 0, '0000-00-00 00:00:00', '2019-11-11 00:48:20', '2019-11-11 00:48:20'),
(3721, 1, 1, '', 'delete_guest', '{"id":671,"name":"stanley","email":"stanleygomesdasilva@outlook.com","user_created":1,"user_deleted":0,"remember_token":null,"status":2,"event_id":41,"token":"a74e8fcfc089faf819b0e615206eacbd","companion":0,"allergies":null,"guest_food":0,"companion_food"', '', 0, 0, '0000-00-00 00:00:00', '2019-11-11 00:48:21', '2019-11-11 00:48:21'),
(3731, 1, 1, '', 'create_guests_history', '{"id":1301,"status_id":1,"guest_id":701,"user_created":1}', '', 0, 0, '0000-00-00 00:00:00', '2019-11-11 00:48:34', '2019-11-11 00:48:34'),
(3741, 1, 1, '', 'create_guest', '{"id":701,"name":"Justin","event_id":41,"email":"jvandevelde@toyopumps.com","user_created":1,"token":"64d032f92b169f306e7e0dd9ea610fdf","status":1,"guest_id":701,"status_id":1,"event_name":"A Very Hevvy Christmas Party 2019","event_date":{"date":"2019-11-', '', 0, 0, '0000-00-00 00:00:00', '2019-11-11 00:48:41', '2019-11-11 00:48:41'),
(3751, 1, 0, '', 'create_guests_history', '{"id":1331,"status_id":2,"guest_id":691,"user_created":1}', '', 0, 0, '0000-00-00 00:00:00', '2019-11-11 02:03:30', '2019-11-11 02:03:30'),
(3761, 1, 0, '', 'create_guests_history', '{"id":1311,"status_id":2,"guest_id":691,"user_created":1}', '', 0, 0, '0000-00-00 00:00:00', '2019-11-11 02:03:30', '2019-11-11 02:03:30'),
(3771, 1, 0, '', 'create_guests_history', '{"id":1321,"status_id":2,"guest_id":691,"user_created":1}', '', 0, 0, '0000-00-00 00:00:00', '2019-11-11 02:03:30', '2019-11-11 02:03:30'),
(3781, 1, 0, '', 'create_guests_history', '{"id":1341,"status_id":2,"guest_id":591,"user_created":1}', '', 0, 0, '0000-00-00 00:00:00', '2019-11-11 16:52:46', '2019-11-11 16:52:46'),
(3791, 1, 1, '', 'login', '{"id":1,"name":"Stanley","zipcode":"","street":"","number":"","complement":"","district":"","city":"","state":"","phone":"","sex":"","type":1,"status":1,"email":"stanleygomesdasilva@gmail.com","user_created":1}', '', 0, 0, '0000-00-00 00:00:00', '2019-11-12 02:33:26', '2019-11-12 02:33:26'),
(3801, 1, 1, '', 'create_guests_history', '{"id":1351,"status_id":1,"guest_id":711,"user_created":1}', '', 0, 0, '0000-00-00 00:00:00', '2019-11-12 02:34:09', '2019-11-12 02:34:09'),
(3811, 1, 1, '', 'create_guest', '{"id":711,"name":"Justin","event_id":41,"email":"jvandevelde@toyopumps.com","user_created":1,"token":"8fd5319a4e2e0f08980b5ded50a3ff0b","status":1,"guest_id":711,"status_id":1,"event_name":"A Very Hevvy Christmas Party 2019","event_date":{"date":"2019-11-', '', 0, 0, '0000-00-00 00:00:00', '2019-11-12 02:34:11', '2019-11-12 02:34:11'),
(3821, 1, 1, '', 'create_guests_history', '{"id":1361,"status_id":1,"guest_id":721,"user_created":1}', '', 0, 0, '0000-00-00 00:00:00', '2019-11-12 02:34:52', '2019-11-12 02:34:52'),
(3831, 1, 1, '', 'create_guest', '{"id":721,"name":"Marco Tulio","event_id":41,"email":"marcotuliomelo@softbox.com.br ","user_created":1,"token":"681b180d4a78e9d409b6c3c99edec157","status":1,"guest_id":721,"status_id":1,"event_name":"A Very Hevvy Christmas Party 2019","event_date":{"date"', '', 0, 0, '0000-00-00 00:00:00', '2019-11-12 02:34:52', '2019-11-12 02:34:52'),
(3841, 1, 1, '', 'create_guests_history', '{"id":1371,"status_id":1,"guest_id":731,"user_created":1}', '', 0, 0, '0000-00-00 00:00:00', '2019-11-12 02:34:57', '2019-11-12 02:34:57'),
(3851, 1, 1, '', 'create_guest', '{"id":731,"name":"stanley gomes","event_id":41,"email":"stanleygomesdasilva@gmail.com","user_created":1,"token":"df3ad22eee6aef1a8cb106c49e652dc6","status":1,"guest_id":731,"status_id":1,"event_name":"A Very Hevvy Christmas Party 2019","event_date":{"date', '', 0, 0, '0000-00-00 00:00:00', '2019-11-12 02:34:59', '2019-11-12 02:34:59'),
(3861, 1, 1, '', 'create_guests_history', '{"id":1381,"status_id":2,"guest_id":731,"user_created":1}', '', 0, 0, '0000-00-00 00:00:00', '2019-11-12 02:37:17', '2019-11-12 02:37:17'),
(3871, 1, 0, '', 'create_guests_history', '{"id":1391,"status_id":2,"guest_id":711,"user_created":1}', '', 0, 0, '0000-00-00 00:00:00', '2019-11-12 03:09:09', '2019-11-12 03:09:09'),
(3881, 1, 1, '', 'login', '{"id":1,"name":"Stanley","zipcode":"","street":"","number":"","complement":"","district":"","city":"","state":"","phone":"","sex":"","type":1,"status":1,"email":"stanleygomesdasilva@gmail.com","user_created":1}', '', 0, 0, '0000-00-00 00:00:00', '2019-11-12 10:15:24', '2019-11-12 10:15:24'),
(3891, 1, 1, '', 'create_guests_history', '{"id":1401,"status_id":1,"guest_id":741,"user_created":1}', '', 0, 0, '0000-00-00 00:00:00', '2019-11-12 10:15:47', '2019-11-12 10:15:47'),
(3901, 1, 1, '', 'create_guest', '{"id":741,"name":"stanley gomes","event_id":41,"email":"stanleygomesdasilva@gmail.com","user_created":1,"token":"530597035f28c2fb088671f04fd6fd25","status":1,"guest_id":741,"status_id":1,"event_name":"A Very Hevvy Christmas Party 2019","event_date":{"date', '', 0, 0, '0000-00-00 00:00:00', '2019-11-12 10:15:56', '2019-11-12 10:15:56'),
(3911, 1, 1, '', 'create_guests_history', '{"id":1411,"status_id":2,"guest_id":741,"user_created":1}', '', 0, 0, '0000-00-00 00:00:00', '2019-11-12 10:16:46', '2019-11-12 10:16:46'),
(3921, 1, 1, '', 'login', '{"id":1,"name":"Stanley","zipcode":"","street":"","number":"","complement":"","district":"","city":"","state":"","phone":"","sex":"","type":1,"status":1,"email":"stanleygomesdasilva@gmail.com","user_created":1}', '', 0, 0, '0000-00-00 00:00:00', '2019-11-12 10:25:45', '2019-11-12 10:25:45'),
(3931, 1, 1, '', 'create_guests_history', '{"id":1421,"status_id":1,"guest_id":751,"user_created":1}', '', 0, 0, '0000-00-00 00:00:00', '2019-11-12 10:26:02', '2019-11-12 10:26:02'),
(3941, 1, 1, '', 'create_guest', '{"id":751,"name":"stanley gomes","event_id":41,"email":"stanleygomesdasilva@gmail.com","user_created":1,"token":"977d25d3094f35701f76bdbb78816aff","status":1,"guest_id":751,"status_id":1,"event_name":"A Very Hevvy Christmas Party 2019","event_date":{"date', '', 0, 0, '0000-00-00 00:00:00', '2019-11-12 10:26:04', '2019-11-12 10:26:04'),
(3951, 1, 1, '', 'create_guests_history', '{"id":1431,"status_id":1,"guest_id":761,"user_created":1}', '', 0, 0, '0000-00-00 00:00:00', '2019-11-12 10:26:13', '2019-11-12 10:26:13'),
(3961, 1, 1, '', 'create_guest', '{"id":761,"name":"Thiago Cantuario","event_id":41,"email":"thiagocantuario@softbox.com.br","user_created":1,"token":"efd9b2945f91184bcce20cada508ffe9","status":1,"guest_id":761,"status_id":1,"event_name":"A Very Hevvy Christmas Party 2019","event_date":{"', '', 0, 0, '0000-00-00 00:00:00', '2019-11-12 10:26:15', '2019-11-12 10:26:15'),
(3971, 1, 1, '', 'create_guests_history', '{"id":1441,"status_id":1,"guest_id":771,"user_created":1}', '', 0, 0, '0000-00-00 00:00:00', '2019-11-12 10:26:20', '2019-11-12 10:26:20'),
(3981, 1, 1, '', 'create_guest', '{"id":771,"name":"Kellen Cristiny","event_id":41,"email":"kellencrisgon@gmail.com","user_created":1,"token":"da24807a773aa434889eee2a76de3a07","status":1,"guest_id":771,"status_id":1,"event_name":"A Very Hevvy Christmas Party 2019","event_date":{"date":"2', '', 0, 0, '0000-00-00 00:00:00', '2019-11-12 10:26:22', '2019-11-12 10:26:22'),
(3991, 1, 1, '', 'create_guests_history', '{"id":1451,"status_id":1,"guest_id":781,"user_created":1}', '', 0, 0, '0000-00-00 00:00:00', '2019-11-12 10:26:28', '2019-11-12 10:26:28'),
(4001, 1, 1, '', 'create_guest', '{"id":781,"name":"Marco Tulio","event_id":41,"email":"marcotuliomelo@softbox.com.br ","user_created":1,"token":"3887b5bf9c0bb24427c79cf42aa26115","status":1,"guest_id":781,"status_id":1,"event_name":"A Very Hevvy Christmas Party 2019","event_date":{"date"', '', 0, 0, '0000-00-00 00:00:00', '2019-11-12 10:26:28', '2019-11-12 10:26:28'),
(4011, 1, 0, '', 'create_guests_history', '{"id":1461,"status_id":2,"guest_id":751,"user_created":1}', '', 0, 0, '0000-00-00 00:00:00', '2019-11-12 10:29:14', '2019-11-12 10:29:14'),
(4021, 1, 0, '', 'create_guests_history', '{"id":1471,"status_id":2,"guest_id":761,"user_created":1}', '', 0, 0, '0000-00-00 00:00:00', '2019-11-12 11:32:10', '2019-11-12 11:32:10'),
(4031, 1, 1, '', 'login', '{"id":1,"name":"Stanley","zipcode":"","street":"","number":"","complement":"","district":"","city":"","state":"","phone":"","sex":"","type":1,"status":1,"email":"stanleygomesdasilva@gmail.com","user_created":1}', '', 0, 0, '0000-00-00 00:00:00', '2019-11-12 18:19:41', '2019-11-12 18:19:41'),
(4041, 1, 1, '', 'update_event', '{"id":41,"name":"A Very Hevvy Christmas Party 2019","status":1,"user_created":0,"user_deleted":0,"remember_token":null,"date":"2019-11-22 18:00:00","place":"Five Sails Restaurant - 999 Canada Pl, Vancouver, BC V6C 3E1"}', '', 0, 0, '0000-00-00 00:00:00', '2019-11-12 18:23:50', '2019-11-12 18:23:50'),
(4051, 1, 1, '', 'login', '{"id":1,"name":"Stanley","zipcode":"","street":"","number":"","complement":"","district":"","city":"","state":"","phone":"","sex":"","type":1,"status":1,"email":"stanleygomesdasilva@gmail.com","user_created":1}', '', 0, 0, '0000-00-00 00:00:00', '2019-11-12 18:33:04', '2019-11-12 18:33:04'),
(4061, 1, 1, '', 'create_guests_history', '{"id":1481,"status_id":1,"guest_id":791,"user_created":1}', '', 0, 0, '0000-00-00 00:00:00', '2019-11-12 18:33:17', '2019-11-12 18:33:17'),
(4071, 1, 1, '', 'create_guest', '{"id":791,"name":"Justin","event_id":41,"email":"jvandevelde@toyopumps.com","user_created":1,"token":"da6cee3c72d64dfb5ac41cebb16d1988","status":1,"guest_id":791,"status_id":1,"event_name":"A Very Hevvy Christmas Party 2019","event_date":{"date":"2019-11-', '', 0, 0, '0000-00-00 00:00:00', '2019-11-12 18:33:20', '2019-11-12 18:33:20'),
(4081, 1, 1, '', 'create_guests_history', '{"id":1491,"status_id":1,"guest_id":801,"user_created":1}', '', 0, 0, '0000-00-00 00:00:00', '2019-11-12 18:34:29', '2019-11-12 18:34:29'),
(4091, 1, 1, '', 'create_guest', '{"id":801,"name":"stanley gomes","event_id":41,"email":"stanleygomesdasilva@gmail.com","user_created":1,"token":"9faeab2f5c1b0fe671fd41367990bf9e","status":1,"guest_id":801,"status_id":1,"event_name":"A Very Hevvy Christmas Party 2019","event_date":{"date', '', 0, 0, '0000-00-00 00:00:00', '2019-11-12 18:34:32', '2019-11-12 18:34:32'),
(4101, 1, 0, '', 'create_guests_history', '{"id":1501,"status_id":2,"guest_id":791,"user_created":1}', '', 0, 0, '0000-00-00 00:00:00', '2019-11-12 19:56:54', '2019-11-12 19:56:54'),
(4111, 1, 1, '', 'login', '{"id":1,"name":"Stanley","zipcode":"","street":"","number":"","complement":"","district":"","city":"","state":"","phone":"","sex":"","type":1,"status":1,"email":"stanleygomesdasilva@gmail.com","user_created":1}', '', 0, 0, '0000-00-00 00:00:00', '2019-11-13 10:24:57', '2019-11-13 10:24:57'),
(4121, 1, 1, '', 'login', '{"id":1,"name":"Stanley","zipcode":"","street":"","number":"","complement":"","district":"","city":"","state":"","phone":"","sex":"","type":1,"status":1,"email":"stanleygomesdasilva@gmail.com","user_created":1}', '', 0, 0, '0000-00-00 00:00:00', '2019-11-13 22:29:16', '2019-11-13 22:29:16'),
(4122, 1, 1, '', 'create_guests_history', '{"id":1511,"status_id":1,"guest_id":811,"user_created":"1"}', '', 0, 0, '0000-00-00 00:00:00', '2019-11-13 22:31:41', '2019-11-13 22:31:41'),
(4123, 1, 1, '', 'error_send_email.guest-invite', 'DADOS: 0788460c11f86c3ac96d2a88e287a990, jvandevelde@hevvypumps.com, Justin from Hevvy Pumps, STANLEY GOMES DA SILVA, stanleygomesdasilva@gmail.com, 41, A Very Hevvy Christmas Party 2019, 2019-11-22 16:00:00, Five Sails Restaurant - 999 Canada Pl, Vancouv', '', 0, 0, '0000-00-00 00:00:00', '2019-11-13 22:32:14', '2019-11-13 22:32:14'),
(4124, 1, 1, '', 'create_guest', '{"id":811,"name":"STANLEY GOMES DA SILVA","event_id":"41","email":"stanleygomesdasilva@gmail.com","user_created":"1","token":"0788460c11f86c3ac96d2a88e287a990","status":1,"guest_id":811,"status_id":1,"event_name":"A Very Hevvy Christmas Party 2019","event', '', 0, 0, '0000-00-00 00:00:00', '2019-11-13 22:32:14', '2019-11-13 22:32:14'),
(4125, 1, 1, '', 'login', '{"id":"1","name":"Stanley","zipcode":"","street":"","number":"","complement":"","district":"","city":"","state":"","phone":"","sex":"","type":"1","status":"1","email":"stanleygomesdasilva@gmail.com","user_created":"1"}', '', 0, 0, '0000-00-00 00:00:00', '2019-11-14 03:54:20', '2019-11-14 03:54:20'),
(4126, 1, 1, '', 'create_guests_history', '{"id":1512,"status_id":1,"guest_id":812,"user_created":"1"}', '', 0, 0, '0000-00-00 00:00:00', '2019-11-14 03:59:45', '2019-11-14 03:59:45'),
(4127, 1, 1, '', 'error_send_email.guest-invite', 'DADOS: b967ee70daabd07049c587d7ffcf5001, jvandevelde@hevvypumps.com, Justin from Hevvy Pumps, STANLEY GOMES DA SILVA, stanleygomesdasilva@gmail.com, 41, A Very Hevvy Christmas Party 2019, 2019-11-22 16:00:00, Five Sails Restaurant - 999 Canada Pl, Vancouv', '', 0, 0, '0000-00-00 00:00:00', '2019-11-14 04:00:20', '2019-11-14 04:00:20'),
(4128, 1, 1, '', 'create_guest', '{"id":812,"name":"STANLEY GOMES DA SILVA","event_id":"41","email":"stanleygomesdasilva@gmail.com","user_created":"1","token":"b967ee70daabd07049c587d7ffcf5001","status":1,"guest_id":812,"status_id":1,"event_name":"A Very Hevvy Christmas Party 2019","event', '', 0, 0, '0000-00-00 00:00:00', '2019-11-14 04:00:20', '2019-11-14 04:00:20'),
(4129, 1, 1, '', 'create_guests_history', '{"id":1513,"status_id":1,"guest_id":813,"user_created":"1"}', '', 0, 0, '0000-00-00 00:00:00', '2019-11-14 04:01:42', '2019-11-14 04:01:42'),
(4130, 1, 1, '', 'error_send_email.guest-invite', 'DADOS: e3bfb801c796703ca2a86b5d1b92d705, jvandevelde@hevvypumps.com, Justin from Hevvy Pumps, STANLEY GOMES DA SILVA, stanleygomesdasilva@gmail.com, 41, A Very Hevvy Christmas Party 2019, 2019-11-22 16:00:00, Five Sails Restaurant - 999 Canada Pl, Vancouv', '', 0, 0, '0000-00-00 00:00:00', '2019-11-14 04:02:14', '2019-11-14 04:02:14'),
(4131, 1, 1, '', 'create_guest', '{"id":813,"name":"STANLEY GOMES DA SILVA","event_id":"41","email":"stanleygomesdasilva@gmail.com","user_created":"1","token":"e3bfb801c796703ca2a86b5d1b92d705","status":1,"guest_id":813,"status_id":1,"event_name":"A Very Hevvy Christmas Party 2019","event', '', 0, 0, '0000-00-00 00:00:00', '2019-11-14 04:02:14', '2019-11-14 04:02:14'),
(4132, 1, 1, '', 'create_guests_history', '{"id":1514,"status_id":1,"guest_id":814,"user_created":"1"}', '', 0, 0, '0000-00-00 00:00:00', '2019-11-14 04:03:15', '2019-11-14 04:03:15'),
(4133, 1, 1, '', 'error_send_email.guest-invite', 'DADOS: 414afa7517bf0d4296e935686f0046b0, jvandevelde@hevvypumps.com, Justin from Hevvy Pumps, STANLEY GOMES DA SILVA, stanleygomesdasilva@gmail.com, 41, A Very Hevvy Christmas Party 2019, 2019-11-22 16:00:00, Five Sails Restaurant - 999 Canada Pl, Vancouv', '', 0, 0, '0000-00-00 00:00:00', '2019-11-14 04:03:47', '2019-11-14 04:03:47'),
(4134, 1, 1, '', 'create_guest', '{"id":814,"name":"STANLEY GOMES DA SILVA","event_id":"41","email":"stanleygomesdasilva@gmail.com","user_created":"1","token":"414afa7517bf0d4296e935686f0046b0","status":1,"guest_id":814,"status_id":1,"event_name":"A Very Hevvy Christmas Party 2019","event', '', 0, 0, '0000-00-00 00:00:00', '2019-11-14 04:03:47', '2019-11-14 04:03:47'),
(4135, 1, 1, '', 'create_guests_history', '{"id":1515,"status_id":1,"guest_id":815,"user_created":"1"}', '', 0, 0, '0000-00-00 00:00:00', '2019-11-14 04:05:19', '2019-11-14 04:05:19'),
(4136, 1, 1, '', 'create_guest', '{"id":815,"name":"STANLEY GOMES DA SILVA","event_id":"41","email":"stanleygomesdasilva@gmail.com","user_created":"1","token":"7b6244e1b493f4c7bf737be16fd836d7","status":1,"guest_id":815,"status_id":1,"event_name":"A Very Hevvy Christmas Party 2019","event', '', 0, 0, '0000-00-00 00:00:00', '2019-11-14 04:05:25', '2019-11-14 04:05:25'),
(4137, 1, 1, '', 'create_guests_history', '{"id":1516,"status_id":2,"guest_id":"815","user_created":"1"}', '', 0, 0, '0000-00-00 00:00:00', '2019-11-14 04:06:12', '2019-11-14 04:06:12');

-- --------------------------------------------------------

--
-- Estrutura da tabela `migrations`
--

CREATE TABLE IF NOT EXISTS `migrations` (
  `migration` varchar(255) COLLATE utf8_unicode_ci NOT NULL,
  `batch` int(11) NOT NULL
) ENGINE=InnoDB DEFAULT CHARSET=utf8 COLLATE=utf8_unicode_ci;

--
-- Extraindo dados da tabela `migrations`
--

INSERT INTO `migrations` (`migration`, `batch`) VALUES
('2014_10_12_000000_create_users_table', 1),
('2014_10_12_100000_create_password_resets_table', 1),
('2016_12_11_170622_create_logs_table', 1),
('2018_11_09_012424_create_guests_table', 2),
('2018_11_09_012545_create_guests_history_table', 2),
('2018_11_09_012555_create_guests_history_status_table', 2),
('2018_11_10_123449_create_events_table', 3),
('2018_11_10_151807_create_guests_history_last_status_view', 4),
('2018_11_10_151812_create_guests_history_view', 5),
('2018_11_10_155041_create_guests_history_status_count_view', 5);

-- --------------------------------------------------------

--
-- Estrutura da tabela `password_resets`
--

CREATE TABLE IF NOT EXISTS `password_resets` (
  `email` varchar(255) COLLATE utf8_unicode_ci NOT NULL,
  `token` varchar(255) COLLATE utf8_unicode_ci NOT NULL,
  `created_at` timestamp NOT NULL DEFAULT '0000-00-00 00:00:00'
) ENGINE=InnoDB DEFAULT CHARSET=utf8 COLLATE=utf8_unicode_ci;

-- --------------------------------------------------------

--
-- Estrutura da tabela `users`
--

CREATE TABLE IF NOT EXISTS `users` (
  `id` int(10) unsigned NOT NULL,
  `name` varchar(255) COLLATE utf8_unicode_ci NOT NULL,
  `zipcode` varchar(255) COLLATE utf8_unicode_ci NOT NULL,
  `street` varchar(255) COLLATE utf8_unicode_ci NOT NULL,
  `number` varchar(255) COLLATE utf8_unicode_ci NOT NULL,
  `complement` varchar(255) COLLATE utf8_unicode_ci NOT NULL,
  `district` varchar(255) COLLATE utf8_unicode_ci NOT NULL,
  `city` varchar(255) COLLATE utf8_unicode_ci NOT NULL,
  `state` varchar(255) COLLATE utf8_unicode_ci NOT NULL,
  `phone` varchar(255) COLLATE utf8_unicode_ci NOT NULL,
  `sex` varchar(255) COLLATE utf8_unicode_ci NOT NULL,
  `type` int(11) NOT NULL,
  `status` int(11) NOT NULL,
  `email` varchar(255) COLLATE utf8_unicode_ci NOT NULL,
  `password` varchar(60) COLLATE utf8_unicode_ci NOT NULL,
  `user_created` int(11) NOT NULL,
  `user_deleted` int(11) NOT NULL,
  `deleted_at` timestamp NOT NULL DEFAULT '0000-00-00 00:00:00',
  `remember_token` varchar(100) COLLATE utf8_unicode_ci DEFAULT NULL,
  `created_at` timestamp NOT NULL DEFAULT '0000-00-00 00:00:00',
  `updated_at` timestamp NOT NULL DEFAULT '0000-00-00 00:00:00'
) ENGINE=InnoDB AUTO_INCREMENT=52 DEFAULT CHARSET=utf8 COLLATE=utf8_unicode_ci;

--
-- Extraindo dados da tabela `users`
--

INSERT INTO `users` (`id`, `name`, `zipcode`, `street`, `number`, `complement`, `district`, `city`, `state`, `phone`, `sex`, `type`, `status`, `email`, `password`, `user_created`, `user_deleted`, `deleted_at`, `remember_token`, `created_at`, `updated_at`) VALUES
(1, 'Stanley', '', '', '', '', '', '', '', '', '', 1, 1, 'stanleygomesdasilva@gmail.com', 'e10adc3949ba59abbe56e057f20f883e', 1, 0, '2018-11-08 02:07:50', 'QH3jPlZcxxbIAlPeW3AqyAs6jWiOQKi3Jay16pxaWeGFZ7pSbd9IH36ENpr3', '2018-10-20 12:38:44', '2018-11-13 01:49:04'),
(11, 'Pablo Escobar', '', '', '', '', '', '', '', '', '', 1, 2, 'pabloalves@softbox.com.br', 'c0adbd2b96e468411695ac259f63f980', 0, 1, '2018-11-10 18:01:54', NULL, '2018-11-08 10:54:37', '2018-11-10 18:01:54'),
(21, 'Thiago ', '', '', '', '', '', '', '', '', '', 1, 2, 'thiagocantuario@softbox.com.br', '9dccd6fb2f9c661967f382e7a42db14f', 0, 1, '2018-11-12 18:58:30', NULL, '2018-11-08 10:55:18', '2018-11-12 18:58:30'),
(31, 'Silvestre', '', '', '', '', '', '', '', '', '', 1, 2, 'silvestresilva@softbox.com.br', '67426fa903b7ec5049d6e3d740fbb8cc', 0, 1, '2018-11-12 18:58:27', NULL, '2018-11-09 20:42:16', '2018-11-12 18:58:27'),
(41, 'stanley 2', '', '', '', '', '', '', '', '', '', 1, 2, 'stanleygomesdasilva@outlook.com', 'b632247b875eb513c829092c0402e199', 0, 1, '2018-11-12 18:58:29', NULL, '2018-11-10 18:01:39', '2018-11-12 18:58:29'),
(51, 'Justin', '', '', '', '', '', '', '', '', '', 1, 1, 'jvandevelde@hevvypumps.com', '3f999d0e3182d9eac101d6618ae1c9bf', 0, 0, '0000-00-00 00:00:00', NULL, '2018-11-12 18:59:41', '2018-11-12 18:59:41');

-- --------------------------------------------------------

--
-- Stand-in structure for view `view_food_types`
--
CREATE TABLE IF NOT EXISTS `view_food_types` (
`id` bigint(20)
,`food_type` varchar(163)
,`event_id` bigint(20)
);

-- --------------------------------------------------------

--
-- Stand-in structure for view `view_guests_history`
--
CREATE TABLE IF NOT EXISTS `view_guests_history` (
`id` int(10) unsigned
,`name` varchar(255)
,`email` varchar(255)
,`allergies` varchar(255)
,`companion_food` varchar(163)
,`guest_food` varchar(163)
,`companion_food_id` int(11)
,`guest_food_id` int(11)
,`companion_name` varchar(255)
,`companion` varchar(3)
,`created_at` timestamp
,`event_id` int(11)
,`token` varchar(500)
,`history_id` int(10) unsigned
,`history_date` timestamp
,`guest_id` int(11)
,`status_id` int(11)
,`status_name` varchar(255)
,`status_color` varchar(50)
,`event_name` varchar(255)
);

-- --------------------------------------------------------

--
-- Stand-in structure for view `view_guests_history_last_status`
--
CREATE TABLE IF NOT EXISTS `view_guests_history_last_status` (
`history_id` int(10) unsigned
,`guest_id` int(11)
,`status_id` int(11)
,`history_date` timestamp
,`status_name` varchar(255)
,`status_color` varchar(50)
);

-- --------------------------------------------------------

--
-- Stand-in structure for view `view_guests_history_status_count`
--
CREATE TABLE IF NOT EXISTS `view_guests_history_status_count` (
`count` bigint(21)
,`event_id` int(11)
,`status_id` int(11)
,`status_name` varchar(255)
);

-- --------------------------------------------------------

--
-- Structure for view `view_food_types`
--
DROP TABLE IF EXISTS `view_food_types`;

CREATE VIEW `view_food_types` AS select 1 AS `id`,'Pan seared sea bass piccata with market vegetables, fingerling potatoes, topped with a fresh lemon & caper butter sauce.' AS `food_type`,41 AS `event_id` union all select 2 AS `id`,'Seared Filet of “AAA” Alberta beef brushed with Beurre Marchand de Vin, sautéed baby spinach, foraged wild mushrooms, golden potato pavé, with silky Madeira sauce.' AS `food_type`,41 AS `event_id` union all select 3 AS `id`,'A vegetarian option.' AS `food_type`,41 AS `event_id`;

-- --------------------------------------------------------

--
-- Structure for view `view_guests_history`
--
DROP TABLE IF EXISTS `view_guests_history`;

CREATE VIEW `view_guests_history` AS select `g`.`id` AS `id`,`g`.`name` AS `name`,`g`.`email` AS `email`,`g`.`allergies` AS `allergies`,`ftcompanion`.`food_type` AS `companion_food`,`ftguest`.`food_type` AS `guest_food`,`g`.`companion_food` AS `companion_food_id`,`g`.`guest_food` AS `guest_food_id`,`g`.`companion_name` AS `companion_name`,(case when (`g`.`companion` = 2) then 'No' when (`g`.`companion` = 1) then 'Yes' else '' end) AS `companion`,`g`.`created_at` AS `created_at`,`g`.`event_id` AS `event_id`,`g`.`token` AS `token`,`gh2`.`history_id` AS `history_id`,`gh2`.`history_date` AS `history_date`,`gh2`.`guest_id` AS `guest_id`,`gh2`.`status_id` AS `status_id`,`gh2`.`status_name` AS `status_name`,`gh2`.`status_color` AS `status_color`,`e`.`name` AS `event_name` from ((((`guests` `g` join `view_guests_history_last_status` `gh2` on((`gh2`.`guest_id` = `g`.`id`))) join `events` `e` on((`e`.`id` = `g`.`event_id`))) left join `view_food_types` `ftguest` on((`ftguest`.`id` = `g`.`guest_food`))) left join `view_food_types` `ftcompanion` on((`ftcompanion`.`id` = `g`.`companion_food`))) where (not(`g`.`deleted_at`));

-- --------------------------------------------------------

--
-- Structure for view `view_guests_history_last_status`
--
DROP TABLE IF EXISTS `view_guests_history_last_status`;

CREATE VIEW `view_guests_history_last_status` AS select `gh`.`id` AS `history_id`,`gh`.`guest_id` AS `guest_id`,`gh`.`status_id` AS `status_id`,`gh`.`created_at` AS `history_date`,`ghs`.`name` AS `status_name`,`ghs`.`color` AS `status_color` from (`guests_history` `gh` join `guests_history_status` `ghs` on((`ghs`.`id` = `gh`.`status_id`))) where ((`gh`.`id` = (select max(`gh1`.`id`) AS `last_history` from `guests_history` `gh1` where (`gh1`.`guest_id` = `gh`.`guest_id`))) and (not(`gh`.`deleted_at`)) and (not(`ghs`.`deleted_at`)));

-- --------------------------------------------------------

--
-- Structure for view `view_guests_history_status_count`
--
DROP TABLE IF EXISTS `view_guests_history_status_count`;

CREATE VIEW `view_guests_history_status_count` AS select count(0) AS `count`,`vgh`.`event_id` AS `event_id`,`vgh`.`status_id` AS `status_id`,`vgh`.`status_name` AS `status_name` from `view_guests_history` `vgh` group by `vgh`.`event_id`,`vgh`.`status_id` order by `vgh`.`status_id` desc;

--
-- Indexes for dumped tables
--

--
-- Indexes for table `events`
--
ALTER TABLE `events`
  ADD PRIMARY KEY (`id`);

--
-- Indexes for table `guests`
--
ALTER TABLE `guests`
  ADD PRIMARY KEY (`id`);

--
-- Indexes for table `guests_history`
--
ALTER TABLE `guests_history`
  ADD PRIMARY KEY (`id`);

--
-- Indexes for table `guests_history_status`
--
ALTER TABLE `guests_history_status`
  ADD PRIMARY KEY (`id`);

--
-- Indexes for table `logs`
--
ALTER TABLE `logs`
  ADD PRIMARY KEY (`id`);

--
-- Indexes for table `password_resets`
--
ALTER TABLE `password_resets`
  ADD KEY `password_resets_email_index` (`email`),
  ADD KEY `password_resets_token_index` (`token`);

--
-- Indexes for table `users`
--
ALTER TABLE `users`
  ADD PRIMARY KEY (`id`),
  ADD UNIQUE KEY `users_email_unique` (`email`);

--
-- AUTO_INCREMENT for dumped tables
--

--
-- AUTO_INCREMENT for table `events`
--
ALTER TABLE `events`
  MODIFY `id` int(10) unsigned NOT NULL AUTO_INCREMENT,AUTO_INCREMENT=51;
--
-- AUTO_INCREMENT for table `guests`
--
ALTER TABLE `guests`
  MODIFY `id` int(10) unsigned NOT NULL AUTO_INCREMENT,AUTO_INCREMENT=816;
--
-- AUTO_INCREMENT for table `guests_history`
--
ALTER TABLE `guests_history`
  MODIFY `id` int(10) unsigned NOT NULL AUTO_INCREMENT,AUTO_INCREMENT=1517;
--
-- AUTO_INCREMENT for table `guests_history_status`
--
ALTER TABLE `guests_history_status`
  MODIFY `id` int(10) unsigned NOT NULL AUTO_INCREMENT,AUTO_INCREMENT=4;
--
-- AUTO_INCREMENT for table `logs`
--
ALTER TABLE `logs`
  MODIFY `id` int(10) unsigned NOT NULL AUTO_INCREMENT,AUTO_INCREMENT=4138;
--
-- AUTO_INCREMENT for table `users`
--
ALTER TABLE `users`
  MODIFY `id` int(10) unsigned NOT NULL AUTO_INCREMENT,AUTO_INCREMENT=52;
/*!40101 SET CHARACTER_SET_CLIENT=@OLD_CHARACTER_SET_CLIENT */;
/*!40101 SET CHARACTER_SET_RESULTS=@OLD_CHARACTER_SET_RESULTS */;
/*!40101 SET COLLATION_CONNECTION=@OLD_COLLATION_CONNECTION */;
